VentaID,Fecha,ProductoKey,ClienteKey,VendedorKey,Cantidad,Importe
1,2024-01-01,2,14,4,7,17013.57
2,2024-01-01,6,4,1,4,2637.68
3,2024-01-01,1,7,3,19,40365.88
4,2024-01-01,20,14,5,1,2952.2
5,2024-01-01,13,23,5,5,3862.7
6,2024-01-01,12,32,4,16,10870.72
7,2024-01-01,16,10,1,16,56583.84
8,2024-01-01,24,31,6,11,59972.99
9,2024-01-02,6,34,3,17,10146.45
10,2024-01-02,5,34,3,18,116226.18
11,2024-01-02,21,17,5,3,15846.57
12,2024-01-02,12,15,5,6,4380.54
13,2024-01-02,18,15,5,17,42738.68
14,2024-01-02,25,26,6,7,7227.78
15,2024-01-02,8,23,6,7,7043.26
16,2024-01-03,9,39,3,16,12172.0
17,2024-01-03,15,24,1,12,49132.68
18,2024-01-03,8,13,3,4,3692.0
19,2024-01-03,7,40,1,16,48200.48
20,2024-01-03,16,6,6,12,48688.32
21,2024-01-03,4,13,4,13,36576.15
22,2024-01-04,6,22,1,14,10473.12
23,2024-01-04,24,6,6,13,65624.52
24,2024-01-04,6,2,2,6,4730.1
25,2024-01-04,19,10,5,15,61361.1
26,2024-01-04,20,23,2,16,56265.12
27,2024-01-04,18,1,6,18,42552.36
28,2024-01-05,5,13,2,14,92070.3
29,2024-01-05,1,33,2,9,19494.0
30,2024-01-05,25,35,4,19,17143.7
31,2024-01-05,5,23,4,2,12900.4
32,2024-01-06,22,34,4,19,80456.45
33,2024-01-06,17,34,5,5,5414.1
34,2024-01-06,1,39,1,15,38190.75
35,2024-01-06,25,31,5,5,4303.1
36,2024-01-07,11,31,1,17,65777.08
37,2024-01-07,18,18,1,2,4905.5
38,2024-01-07,25,36,1,4,3806.4
39,2024-01-07,25,40,5,3,2802.33
40,2024-01-07,20,18,4,17,52297.44
41,2024-01-08,17,33,2,18,21011.4
42,2024-01-08,23,17,5,17,48571.21
43,2024-01-08,7,8,4,15,39116.55
44,2024-01-09,8,20,1,14,12306.42
45,2024-01-09,25,24,2,5,5343.7
46,2024-01-09,9,15,6,5,4630.5
47,2024-01-09,4,11,6,13,37568.57
48,2024-01-09,8,33,4,6,6360.9
49,2024-01-10,11,21,1,14,49029.96
50,2024-01-10,24,36,4,12,52815.84
51,2024-01-10,15,34,5,1,3503.62
52,2024-01-10,10,8,2,17,115308.11
53,2024-01-10,4,3,2,3,7287.48
54,2024-01-10,9,17,4,5,4458.05
55,2024-01-11,19,6,3,16,63627.84
56,2024-01-11,2,5,3,6,16284.96
57,2024-01-11,1,6,5,3,7688.97
58,2024-01-11,8,8,4,3,2801.28
59,2024-01-11,1,27,3,11,29621.79
60,2024-01-11,20,16,1,5,14630.65
61,2024-01-11,6,13,3,9,5420.07
62,2024-01-11,21,14,3,10,50462.3
63,2024-01-12,15,18,3,17,64626.86
64,2024-01-12,1,2,6,9,18427.05
65,2024-01-12,17,33,4,18,21953.34
66,2024-01-12,8,28,6,15,13327.65
67,2024-01-12,16,26,5,18,73704.78
68,2024-01-12,10,22,2,7,47739.58
69,2024-01-12,23,23,1,5,12546.85
70,2024-01-12,5,17,4,1,5065.65
71,2024-01-12,6,25,5,2,1217.94
72,2024-01-13,8,12,2,10,8710.5
73,2024-01-13,9,24,3,15,10516.5
74,2024-01-13,18,20,2,11,26946.59
75,2024-01-13,12,25,1,6,3917.58
76,2024-01-13,16,13,2,9,33663.15
77,2024-01-14,17,6,2,1,947.62
78,2024-01-14,13,2,3,19,12284.26
79,2024-01-14,10,34,2,8,42257.44
80,2024-01-14,22,21,6,20,75244.6
81,2024-01-15,24,3,6,20,106210.0
82,2024-01-15,17,33,2,14,16026.64
83,2024-01-15,17,2,6,17,18599.02
84,2024-01-15,19,3,2,8,26523.68
85,2024-01-15,21,25,4,12,67901.88
86,2024-01-15,18,35,6,2,5478.22
87,2024-01-15,8,30,1,16,14937.12
88,2024-01-16,24,6,6,17,96588.39
89,2024-01-16,17,31,3,3,3445.2
90,2024-01-16,3,14,2,9,7441.47
91,2024-01-16,24,25,1,15,76393.8
92,2024-01-16,16,40,6,10,40224.7
93,2024-01-17,5,20,5,11,59046.79
94,2024-01-17,19,4,4,5,16187.1
95,2024-01-17,9,32,3,4,3447.32
96,2024-01-17,23,30,4,17,41166.35
97,2024-01-17,25,36,2,4,4333.32
98,2024-01-18,10,2,3,3,20222.52
99,2024-01-18,15,29,3,3,11863.56
100,2024-01-18,13,14,1,7,5827.57
101,2024-01-18,19,34,3,3,10129.02
102,2024-01-18,12,33,3,5,3919.85
103,2024-01-19,8,32,4,16,17838.24
104,2024-01-19,1,32,6,6,12149.76
105,2024-01-19,15,10,4,13,44438.16
106,2024-01-19,12,22,1,13,9379.11
107,2024-01-19,11,8,2,11,46279.09
108,2024-01-19,23,19,3,1,2875.58
109,2024-01-19,12,38,1,3,2214.54
110,2024-01-19,12,4,3,14,11439.4
111,2024-01-20,4,19,6,2,5705.02
112,2024-01-20,5,28,5,8,52406.88
113,2024-01-20,11,28,1,7,28944.58
114,2024-01-21,18,6,1,18,43537.14
115,2024-01-21,24,9,6,14,70421.54
116,2024-01-21,10,36,2,16,83542.08
117,2024-01-21,6,19,3,16,10787.04
118,2024-01-21,9,16,3,9,7155.72
119,2024-01-21,16,8,2,18,70519.14
120,2024-01-21,21,33,4,6,26368.14
121,2024-01-22,18,22,4,8,20857.2
122,2024-01-22,14,16,1,5,10948.4
123,2024-01-22,6,21,2,11,7722.33
124,2024-01-23,7,27,4,1,3116.93
125,2024-01-23,14,18,3,17,33680.57
126,2024-01-23,25,37,3,2,1898.0
127,2024-01-24,5,14,1,17,98974.34
128,2024-01-24,9,29,4,8,6320.16
129,2024-01-24,10,28,6,1,5355.42
130,2024-01-24,25,32,1,16,17224.64
131,2024-01-24,3,34,4,13,13059.67
132,2024-01-24,15,15,2,8,31331.52
133,2024-01-24,5,7,6,17,111388.42
134,2024-01-24,23,3,1,15,34106.25
135,2024-01-25,2,17,5,10,31397.6
136,2024-01-25,21,8,1,14,73998.4
137,2024-01-25,3,38,2,10,9008.6
138,2024-01-25,13,39,1,9,6166.89
139,2024-01-25,1,30,3,18,40064.76
140,2024-01-25,11,16,5,8,30468.0
141,2024-01-26,8,20,1,1,1132.89
142,2024-01-26,1,27,1,7,16509.43
143,2024-01-26,9,24,2,8,6848.24
144,2024-01-26,16,27,3,2,7893.0
145,2024-01-27,10,32,2,17,89300.66
146,2024-01-27,10,15,3,7,38729.39
147,2024-01-27,25,40,4,10,8434.3
148,2024-01-27,20,32,4,6,22479.42
149,2024-01-27,22,10,4,2,8765.94
150,2024-01-28,2,39,2,7,16771.09
151,2024-01-28,14,12,4,2,4579.44
152,2024-01-28,15,6,2,11,42507.08
153,2024-01-28,11,34,6,7,24436.51
154,2024-01-29,24,22,4,13,72748.91
155,2024-01-29,6,18,1,4,2371.4
156,2024-01-29,12,8,5,14,12048.26
157,2024-01-29,25,20,4,7,6418.93
158,2024-01-30,3,13,3,2,1894.16
159,2024-01-30,18,24,6,15,36163.05
160,2024-01-30,16,16,6,1,3877.99
161,2024-01-30,25,3,4,13,10723.57
162,2024-01-30,3,5,5,2,1665.02
163,2024-01-30,11,40,1,12,43032.6
164,2024-01-31,11,39,6,9,32521.95
165,2024-01-31,3,7,4,1,977.95
166,2024-01-31,23,25,3,15,43712.4
167,2024-01-31,14,32,2,16,30936.0
168,2024-01-31,1,10,5,10,25772.3
169,2024-02-01,8,30,3,11,12149.06
170,2024-02-01,20,26,2,3,10130.34
171,2024-02-01,8,3,4,14,12272.82
172,2024-02-01,18,28,1,18,45199.62
173,2024-02-01,3,14,1,9,8338.14
174,2024-02-01,14,29,2,16,39386.4
175,2024-02-01,8,40,6,5,4886.75
176,2024-02-01,8,8,3,18,19806.84
177,2024-02-01,10,24,3,9,54974.7
178,2024-02-02,8,10,3,6,5569.74
179,2024-02-02,19,26,3,7,25023.04
180,2024-02-02,8,7,6,17,17147.22
181,2024-02-02,15,31,2,2,6423.34
182,2024-02-02,15,19,2,12,37770.12
183,2024-02-03,4,38,2,2,4745.28
184,2024-02-03,3,12,4,12,10774.2
185,2024-02-03,20,1,1,9,32667.93
186,2024-02-03,21,23,2,20,106029.8
187,2024-02-04,2,3,5,7,22186.01
188,2024-02-04,24,21,4,7,38923.64
189,2024-02-04,22,20,1,12,42424.68
190,2024-02-04,7,36,4,2,6309.72
191,2024-02-04,3,26,6,14,11098.22
192,2024-02-04,18,6,6,5,13738.65
193,2024-02-04,6,27,3,13,9484.54
194,2024-02-05,22,4,3,10,37936.8
195,2024-02-05,24,27,4,19,107559.57
196,2024-02-05,1,26,6,12,29484.48
197,2024-02-05,13,28,2,7,5865.44
198,2024-02-05,14,26,5,4,9431.68
199,2024-02-05,12,9,1,15,12313.35
200,2024-02-06,13,24,6,3,2278.38
201,2024-02-06,17,19,2,6,5787.0
202,2024-02-06,17,7,4,6,7221.12
203,2024-02-06,16,3,4,7,24678.92
204,2024-02-06,11,25,1,2,7907.06
205,2024-02-06,23,11,6,20,54366.8
206,2024-02-06,8,13,4,20,19476.2
207,2024-02-07,6,26,5,19,12071.65
208,2024-02-07,6,10,2,13,8621.6
209,2024-02-07,24,36,6,7,31029.81
210,2024-02-07,2,39,4,11,27174.84
211,2024-02-07,18,20,5,10,27551.7
212,2024-02-07,8,24,4,14,13572.16
213,2024-02-08,1,30,2,20,53747.6
214,2024-02-08,15,30,2,20,78263.8
215,2024-02-08,16,9,3,13,43131.66
216,2024-02-08,14,29,5,12,22898.4
217,2024-02-09,17,9,1,2,1864.46
218,2024-02-09,24,33,1,11,60570.73
219,2024-02-09,2,9,1,17,52465.74
220,2024-02-09,3,8,2,20,19078.8
221,2024-02-09,5,11,6,16,86782.24
222,2024-02-10,3,17,2,12,11074.2
223,2024-02-10,11,30,2,20,71779.8
224,2024-02-10,9,31,2,17,15730.95
225,2024-02-10,19,16,3,9,34972.83
226,2024-02-10,12,26,2,2,1391.96
227,2024-02-10,21,25,2,9,47327.22
228,2024-02-10,9,4,6,4,3518.36
229,2024-02-11,12,38,6,15,11602.35
230,2024-02-12,18,24,3,13,36689.77
231,2024-02-12,13,24,3,12,9124.92
232,2024-02-12,25,12,5,3,2801.55
233,2024-02-12,24,34,3,2,9609.88
234,2024-02-12,10,21,6,19,127822.31
235,2024-02-12,1,19,5,2,4343.94
236,2024-02-13,21,24,1,14,68378.38
237,2024-02-13,5,3,1,16,85182.08
238,2024-02-13,2,20,1,1,2826.52
239,2024-02-13,17,27,5,12,13002.24
240,2024-02-13,10,24,5,19,101963.69
241,2024-02-14,1,29,1,8,19996.08
242,2024-02-14,3,18,4,5,4947.6
243,2024-02-14,9,36,3,1,713.36
244,2024-02-14,20,34,6,19,62914.13
245,2024-02-14,16,1,1,8,27038.24
246,2024-02-14,2,12,2,18,43148.52
247,2024-02-15,6,7,1,2,1544.58
248,2024-02-15,20,13,2,18,63290.16
249,2024-02-15,14,33,6,7,15200.22
250,2024-02-15,21,12,5,14,76295.1
251,2024-02-16,2,1,4,16,47104.32
252,2024-02-16,14,29,2,15,28518.9
253,2024-02-16,8,3,1,4,3731.56
254,2024-02-16,11,18,6,9,36607.95
255,2024-02-16,18,34,3,14,38960.32
256,2024-02-17,10,33,1,7,36986.53
257,2024-02-17,6,13,2,9,6938.1
258,2024-02-17,24,25,3,11,51179.7
259,2024-02-17,20,35,4,8,25995.52
260,2024-02-17,16,2,4,17,67123.14
261,2024-02-17,24,20,2,8,41634.16
262,2024-02-17,13,37,2,20,15242.2
263,2024-02-18,4,23,2,20,58452.8
264,2024-02-18,23,9,6,1,2233.85
265,2024-02-18,21,3,1,2,10566.7
266,2024-02-18,19,35,6,12,41258.52
267,2024-02-18,3,14,2,13,10324.47
268,2024-02-18,4,6,6,2,4514.46
269,2024-02-19,21,9,1,10,49691.0
270,2024-02-19,25,22,4,7,6256.18
271,2024-02-19,9,19,1,1,782.17
272,2024-02-19,23,39,5,12,34584.48
273,2024-02-19,16,2,4,10,38636.9
274,2024-02-19,1,7,3,14,33210.66
275,2024-02-20,19,6,5,7,27942.25
276,2024-02-20,10,34,2,6,35305.56
277,2024-02-20,10,32,1,2,10289.96
278,2024-02-20,16,38,3,6,25417.44
279,2024-02-20,17,11,3,9,9872.82
280,2024-02-21,7,8,6,8,23264.0
281,2024-02-21,25,36,1,3,2840.61
282,2024-02-21,21,26,4,11,52750.17
283,2024-02-21,24,2,3,3,14964.69
284,2024-02-21,7,35,5,10,27125.6
285,2024-02-21,6,15,4,13,10221.12
286,2024-02-22,23,23,5,20,53748.8
287,2024-02-22,11,29,6,17,58783.45
288,2024-02-22,18,29,6,11,26324.54
289,2024-02-22,25,9,3,9,8738.82
290,2024-02-22,15,18,3,8,29050.64
291,2024-02-22,25,10,2,20,17116.0
292,2024-02-22,24,23,2,11,57768.92
293,2024-02-23,8,17,6,11,12446.61
294,2024-02-23,4,7,2,6,17685.06
295,2024-02-23,13,20,6,5,4234.05
296,2024-02-23,10,7,6,14,78489.88
297,2024-02-23,4,25,4,9,21466.71
298,2024-02-23,2,28,6,1,2693.32
299,2024-02-23,8,19,4,17,19357.56
300,2024-02-24,24,16,4,13,56952.48
301,2024-02-24,23,27,2,19,50236.95
302,2024-02-24,22,12,6,19,81245.14
303,2024-02-24,4,17,6,15,38300.4
304,2024-02-24,23,16,4,4,11482.2
305,2024-02-24,23,28,4,6,14372.4
306,2024-02-24,15,27,5,1,3749.2
307,2024-02-25,22,21,1,6,25936.44
308,2024-02-25,13,7,1,16,13291.68
309,2024-02-25,9,13,5,18,13520.16
310,2024-02-25,12,30,5,4,3348.04
311,2024-02-25,7,24,5,16,46712.64
312,2024-02-25,11,30,2,14,57412.46
313,2024-02-26,17,40,3,4,4573.2
314,2024-02-26,21,25,4,2,9296.1
315,2024-02-26,2,27,6,1,2436.72
316,2024-02-26,23,7,2,12,31664.52
317,2024-02-26,10,34,2,13,87712.82
318,2024-02-26,13,9,1,15,10241.25
319,2024-02-26,21,36,6,7,34704.11
320,2024-02-27,8,27,4,5,4795.6
321,2024-02-27,10,31,3,18,112499.28
322,2024-02-27,8,17,4,9,9535.86
323,2024-02-27,22,18,3,6,23186.46
324,2024-02-27,8,32,4,10,9497.4
325,2024-02-28,12,25,1,5,4273.8
326,2024-02-28,3,9,5,19,18968.46
327,2024-02-28,12,1,2,19,12463.24
328,2024-02-28,3,7,5,10,8307.2
329,2024-02-28,5,29,3,8,42042.08
330,2024-02-29,5,35,2,7,45082.87
331,2024-02-29,20,6,6,20,76483.4
332,2024-02-29,18,14,5,10,24141.5
333,2024-02-29,3,8,5,15,14075.7
334,2024-02-29,4,9,4,9,22889.97
335,2024-03-01,15,16,4,5,19154.2
336,2024-03-01,6,1,2,18,12791.88
337,2024-03-01,11,32,6,15,60753.45
338,2024-03-01,10,27,6,15,86694.3
339,2024-03-01,3,2,1,6,5577.84
340,2024-03-02,20,22,1,2,7081.82
341,2024-03-02,17,10,1,16,17093.76
342,2024-03-02,7,22,1,14,42189.56
343,2024-03-02,22,34,5,12,44504.76
344,2024-03-02,25,22,4,7,6236.65
345,2024-03-02,9,19,3,18,12826.08
346,2024-03-03,11,33,3,17,74226.76
347,2024-03-03,7,22,2,16,50433.44
348,2024-03-03,11,6,1,10,34274.3
349,2024-03-03,13,35,5,18,14866.74
350,2024-03-04,2,1,1,13,33997.34
351,2024-03-04,7,4,5,16,47996.0
352,2024-03-04,18,10,6,20,50981.0
353,2024-03-04,22,6,2,20,86051.4
354,2024-03-04,2,12,1,15,43089.15
355,2024-03-04,22,27,1,6,25768.02
356,2024-03-04,21,9,3,1,4814.41
357,2024-03-05,10,21,1,6,35158.86
358,2024-03-05,14,4,4,19,42706.11
359,2024-03-05,19,8,4,17,55527.78
360,2024-03-05,19,1,6,13,48149.79
361,2024-03-06,13,10,4,20,15270.4
362,2024-03-06,25,6,6,14,13478.36
363,2024-03-06,16,1,4,7,29120.07
364,2024-03-06,1,8,1,1,2483.52
365,2024-03-06,7,2,3,4,10403.92
366,2024-03-07,24,24,6,6,34308.18
367,2024-03-07,23,6,3,5,13744.65
368,2024-03-07,21,30,6,18,95414.76
369,2024-03-07,9,1,1,2,1735.34
370,2024-03-07,1,20,3,20,41525.2
371,2024-03-08,24,32,5,20,92297.6
372,2024-03-08,2,37,6,11,29352.4
373,2024-03-08,15,10,1,16,60903.36
374,2024-03-08,12,27,4,6,4738.2
375,2024-03-09,9,18,1,19,14785.61
376,2024-03-09,20,39,6,20,64077.0
377,2024-03-09,1,20,5,5,12139.1
378,2024-03-10,14,25,5,8,16672.64
379,2024-03-10,25,19,6,8,8263.36
380,2024-03-10,1,28,2,11,24198.68
381,2024-03-10,19,10,5,2,7068.16
382,2024-03-10,5,36,6,9,59022.09
383,2024-03-10,25,6,5,16,14527.36
384,2024-03-10,18,13,6,16,45875.04
385,2024-03-10,8,26,4,10,10317.1
386,2024-03-11,19,30,5,1,4074.8
387,2024-03-11,3,5,2,18,17513.64
388,2024-03-11,13,17,5,19,14220.36
389,2024-03-11,11,13,2,16,61477.28
390,2024-03-12,7,19,3,7,17992.87
391,2024-03-13,25,16,1,17,17787.78
392,2024-03-13,16,24,6,12,49543.44
393,2024-03-13,15,39,1,3,9802.17
394,2024-03-13,12,2,1,9,6891.39
395,2024-03-14,2,37,4,7,22133.51
396,2024-03-14,19,18,4,19,65617.45
397,2024-03-14,4,39,2,15,42035.25
398,2024-03-14,9,12,4,2,1558.7
399,2024-03-14,3,36,3,1,779.85
400,2024-03-15,3,8,6,20,18607.2
401,2024-03-15,3,15,6,9,7634.52
402,2024-03-15,3,29,2,17,14744.1
403,2024-03-15,12,15,2,8,6947.68
404,2024-03-15,2,4,5,9,28106.19
405,2024-03-15,1,33,6,2,4392.84
406,2024-03-15,24,10,3,16,71267.36
407,2024-03-16,25,20,5,1,1068.7
408,2024-03-16,19,7,4,15,60577.65
409,2024-03-16,11,8,3,12,42831.36
410,2024-03-16,16,16,2,13,43985.37
411,2024-03-17,15,11,2,7,27529.11
412,2024-03-17,3,9,4,20,19767.2
413,2024-03-17,4,5,4,13,37155.82
414,2024-03-17,11,31,1,11,46085.6
415,2024-03-17,21,15,6,12,53895.48
416,2024-03-17,2,36,2,6,17656.14
417,2024-03-17,15,27,2,5,16907.55
418,2024-03-17,5,19,3,1,5396.21
419,2024-03-17,6,21,4,9,6202.98
420,2024-03-18,16,33,1,4,13469.0
421,2024-03-18,21,19,1,7,35612.29
422,2024-03-18,9,28,3,7,6487.88
423,2024-03-19,4,11,1,13,31809.96
424,2024-03-19,24,2,4,10,45833.3
425,2024-03-19,17,29,1,11,11840.07
426,2024-03-19,17,28,1,10,9767.4
427,2024-03-19,14,12,2,7,14157.22
428,2024-03-19,6,12,2,17,12654.63
429,2024-03-19,20,39,6,3,11044.98
430,2024-03-19,16,9,5,9,30516.21
431,2024-03-19,22,13,1,7,27838.44
432,2024-03-19,3,4,5,17,14809.21
433,2024-03-20,12,32,1,11,7854.0
434,2024-03-20,1,31,2,14,36906.66
435,2024-03-20,22,37,3,9,32449.77
436,2024-03-20,2,37,5,6,17601.6
437,2024-03-20,1,29,5,12,28476.0
438,2024-03-21,8,25,5,11,11890.67
439,2024-03-21,25,7,6,2,1785.9
440,2024-03-21,16,34,5,15,56274.15
441,2024-03-21,5,6,2,1,5350.73
442,2024-03-21,20,20,3,6,18276.06
443,2024-03-21,18,13,3,1,2279.81
444,2024-03-21,1,30,5,20,49037.8
445,2024-03-22,8,7,6,15,13313.1
446,2024-03-22,6,30,4,2,1292.38
447,2024-03-22,19,8,1,17,68720.63
448,2024-03-22,4,35,5,13,37563.89
449,2024-03-22,8,37,4,8,7201.76
450,2024-03-22,24,2,6,13,59961.72
451,2024-03-23,20,4,3,17,49629.8
452,2024-03-23,11,22,6,13,46163.65
453,2024-03-23,14,21,4,19,44612.95
454,2024-03-23,18,10,6,2,5020.84
455,2024-03-24,12,1,3,8,6736.72
456,2024-03-24,4,21,4,17,40308.53
457,2024-03-24,7,15,2,17,51850.0
458,2024-03-24,14,30,6,13,30301.7
459,2024-03-24,2,40,3,2,4808.76
460,2024-03-24,22,35,1,20,72667.6
461,2024-03-24,20,34,1,4,12502.12
462,2024-03-25,10,11,1,4,22642.08
463,2024-03-26,2,33,3,20,62742.2
464,2024-03-26,3,10,4,15,13765.2
465,2024-03-26,4,19,4,17,39598.78
466,2024-03-26,19,6,6,10,35186.0
467,2024-03-26,18,40,6,10,28991.7
468,2024-03-26,19,13,5,8,31383.52
469,2024-03-26,23,36,3,12,30609.36
470,2024-03-27,10,15,2,1,5552.37
471,2024-03-27,17,38,4,18,18670.32
472,2024-03-27,1,16,3,12,25583.52
473,2024-03-27,18,19,2,11,28997.76
474,2024-03-28,10,11,5,2,12919.56
475,2024-03-28,3,29,6,20,19790.2
476,2024-03-28,2,29,3,17,45636.5
477,2024-03-28,24,10,4,4,20529.0
478,2024-03-29,22,18,5,7,28097.65
479,2024-03-29,4,9,4,16,38903.68
480,2024-03-29,4,36,5,1,2536.92
481,2024-03-29,4,37,2,16,40436.8
482,2024-03-29,14,39,1,9,21512.34
483,2024-03-30,13,19,6,15,11773.8
484,2024-03-30,12,34,5,10,7294.9
485,2024-03-30,20,1,6,13,45602.05
486,2024-03-30,16,12,5,13,47809.19
487,2024-03-30,10,25,5,5,29417.75
488,2024-03-30,8,22,3,3,3279.39
489,2024-03-30,20,14,4,8,30451.68
490,2024-03-31,1,32,3,2,4391.0
491,2024-03-31,18,28,5,10,26717.1
492,2024-03-31,17,23,1,14,14548.66
493,2024-03-31,20,1,6,12,39842.64
494,2024-03-31,3,27,3,17,14032.14
495,2024-03-31,17,37,2,13,14541.8
496,2024-03-31,7,29,5,14,40577.04
497,2024-03-31,19,6,2,11,43639.64
498,2024-03-31,12,5,3,11,8057.17
499,2024-04-01,17,19,6,6,5721.9
500,2024-04-01,11,27,6,17,72435.64
501,2024-04-02,17,13,4,7,7521.92
502,2024-04-02,6,39,1,2,1433.36
503,2024-04-02,12,3,6,19,16509.1
504,2024-04-02,14,20,6,1,2337.72
505,2024-04-02,23,20,4,18,39851.64
506,2024-04-02,4,2,2,19,42618.9
507,2024-04-03,6,37,3,16,11905.6
508,2024-04-03,21,10,5,18,90401.22
509,2024-04-03,7,10,2,14,41915.72
510,2024-04-03,17,7,1,17,16191.99
511,2024-04-03,6,30,5,17,11714.87
512,2024-04-03,14,38,3,2,4505.66
513,2024-04-03,5,11,1,8,44261.6
514,2024-04-04,19,29,5,3,10796.88
515,2024-04-04,13,26,5,1,649.31
516,2024-04-04,25,40,2,2,1866.26
517,2024-04-04,8,38,2,8,6965.52
518,2024-04-04,11,30,3,1,4272.68
519,2024-04-05,14,32,1,20,40142.2
520,2024-04-05,8,38,2,13,13665.08
521,2024-04-05,14,32,1,10,20976.1
522,2024-04-05,8,23,4,3,2723.19
523,2024-04-05,6,19,4,1,784.1
524,2024-04-05,18,35,4,12,28222.44
525,2024-04-06,4,23,5,14,39843.02
526,2024-04-06,8,19,3,13,11866.4
527,2024-04-06,8,2,3,14,12153.4
528,2024-04-06,5,6,2,8,48907.44
529,2024-04-07,9,9,5,18,16113.06
530,2024-04-07,15,16,2,15,59572.8
531,2024-04-07,12,26,4,12,8397.6
532,2024-04-07,21,31,5,19,87107.4
533,2024-04-07,7,9,6,8,25658.56
534,2024-04-07,9,38,3,20,18205.0
535,2024-04-07,18,33,2,8,20562.16
536,2024-04-07,5,6,5,4,24268.84
537,2024-04-08,25,37,2,13,10681.45
538,2024-04-08,10,6,6,1,5805.27
539,2024-04-08,6,7,1,8,5245.36
540,2024-04-08,18,20,2,12,34476.84
541,2024-04-08,3,19,2,10,7892.9
542,2024-04-08,23,26,4,13,31449.73
543,2024-04-08,25,12,1,5,5339.95
544,2024-04-09,12,2,6,12,10174.08
545,2024-04-09,23,26,3,15,35912.85
546,2024-04-09,21,8,3,4,18187.48
547,2024-04-10,23,39,2,2,5018.7
548,2024-04-10,14,10,4,7,16231.53
549,2024-04-10,24,12,5,2,10356.08
550,2024-04-10,8,34,3,19,19010.07
551,2024-04-10,14,1,1,19,39273.38
552,2024-04-10,25,38,5,10,10583.1
553,2024-04-10,23,8,1,2,5858.12
554,2024-04-10,11,23,6,7,28974.82
555,2024-04-11,3,26,6,14,13221.32
556,2024-04-11,20,6,3,8,25239.44
557,2024-04-11,14,33,6,15,36385.65
558,2024-04-11,23,14,4,15,38790.0
559,2024-04-12,25,13,1,5,4733.3
560,2024-04-12,23,35,2,18,43264.98
561,2024-04-12,25,16,1,8,7691.36
562,2024-04-12,6,6,2,12,7930.08
563,2024-04-13,21,32,6,10,44833.2
564,2024-04-13,16,1,5,8,31655.68
565,2024-04-14,21,9,6,12,63418.08
566,2024-04-14,5,22,6,19,111685.42
567,2024-04-14,4,11,6,18,45854.82
568,2024-04-14,22,30,4,5,19972.0
569,2024-04-14,7,1,3,4,12269.8
570,2024-04-15,16,18,3,7,22748.74
571,2024-04-15,7,29,1,4,12308.0
572,2024-04-15,6,37,3,11,7481.76
573,2024-04-15,10,3,1,6,36553.68
574,2024-04-15,15,22,6,16,51082.56
575,2024-04-16,16,35,3,14,52149.3
576,2024-04-16,1,19,6,12,31709.88
577,2024-04-16,20,6,2,9,31612.77
578,2024-04-16,24,26,2,1,4409.79
579,2024-04-16,10,34,6,12,65466.96
580,2024-04-17,6,20,6,4,2988.76
581,2024-04-17,20,23,3,11,35743.07
582,2024-04-17,8,24,3,12,10765.32
583,2024-04-17,8,37,6,2,1739.82
584,2024-04-17,23,14,4,13,37417.38
585,2024-04-18,10,6,2,20,122653.4
586,2024-04-18,23,29,6,8,18653.6
587,2024-04-18,13,29,4,3,2537.37
588,2024-04-19,7,1,1,7,21663.11
589,2024-04-19,20,19,1,17,55992.22
590,2024-04-19,22,27,3,2,7802.18
591,2024-04-19,3,12,6,15,11535.9
592,2024-04-19,6,29,5,13,8458.71
593,2024-04-19,22,31,1,12,47517.6
594,2024-04-19,18,28,5,11,29208.41
595,2024-04-20,13,4,6,20,15389.0
596,2024-04-20,22,20,5,11,44066.11
597,2024-04-20,19,31,6,14,59471.58
598,2024-04-20,21,22,5,5,23575.05
599,2024-04-20,21,15,6,1,5499.29
600,2024-04-20,24,10,6,15,80710.05
601,2024-04-20,19,27,3,12,45843.96
602,2024-04-20,17,26,3,8,8743.44
603,2024-04-20,4,13,5,8,18927.12
604,2024-04-21,24,17,6,4,18781.76
605,2024-04-21,4,17,6,7,18385.15
606,2024-04-21,16,15,5,8,30360.64
607,2024-04-22,17,27,6,19,20777.64
608,2024-04-22,3,33,5,15,12017.1
609,2024-04-22,17,33,1,4,4447.52
610,2024-04-22,15,13,5,13,47699.73
611,2024-04-22,16,40,1,3,10048.68
612,2024-04-23,13,3,1,8,5181.76
613,2024-04-23,23,30,3,20,58308.6
614,2024-04-23,4,6,5,5,12742.45
615,2024-04-23,7,23,2,19,49193.47
616,2024-04-23,12,1,3,11,9104.04
617,2024-04-24,24,32,1,17,97831.77
618,2024-04-24,20,36,3,12,35764.8
619,2024-04-24,20,16,3,4,11669.68
620,2024-04-24,12,2,5,7,5625.69
621,2024-04-24,15,32,1,4,15699.16
622,2024-04-24,3,36,3,9,7327.53
623,2024-04-24,22,38,3,13,55354.52
624,2024-04-25,18,1,1,9,26833.32
625,2024-04-25,11,31,1,5,19107.55
626,2024-04-25,2,39,4,3,7564.77
627,2024-04-25,16,29,4,6,23660.4
628,2024-04-25,8,24,3,20,20119.8
629,2024-04-25,17,9,5,7,7106.4
630,2024-04-25,20,24,6,2,6175.66
631,2024-04-26,13,22,5,12,8454.12
632,2024-04-26,16,16,4,11,37900.17
633,2024-04-26,20,10,3,2,6982.38
634,2024-04-27,13,17,3,9,5860.62
635,2024-04-27,19,9,6,19,72040.4
636,2024-04-27,2,7,2,18,55662.84
637,2024-04-27,25,7,3,14,13798.54
638,2024-04-27,10,10,6,8,53057.6
639,2024-04-27,3,22,6,10,10129.5
640,2024-04-28,8,26,3,12,13293.48
641,2024-04-28,2,31,5,11,32003.73
642,2024-04-28,12,23,2,8,6630.08
643,2024-04-29,5,30,4,7,34726.37
644,2024-04-29,15,20,2,13,48028.5
645,2024-04-29,19,20,3,3,10135.71
646,2024-04-29,24,22,1,19,98352.93
647,2024-04-29,7,38,2,19,61987.5
648,2024-04-29,10,30,3,19,109114.34
649,2024-04-29,25,5,4,14,14133.14
650,2024-04-29,11,17,5,6,21539.7
651,2024-04-30,9,14,1,8,6917.44
652,2024-04-30,13,39,3,15,10204.05
653,2024-04-30,17,4,2,4,3920.32
654,2024-04-30,20,37,3,2,5921.68
655,2024-04-30,24,18,5,5,21901.4
656,2024-04-30,21,2,2,1,5201.72
657,2024-04-30,11,2,6,11,46624.16
658,2024-05-01,16,22,2,13,50110.19
659,2024-05-01,2,6,6,14,42113.26
660,2024-05-01,20,39,4,11,39937.59
661,2024-05-01,9,2,3,15,13561.65
662,2024-05-01,19,40,6,11,36126.42
663,2024-05-01,24,2,2,11,50614.3
664,2024-05-02,3,28,3,12,11698.56
665,2024-05-02,18,10,6,19,55459.29
666,2024-05-02,20,40,3,19,60851.3
667,2024-05-02,23,20,6,16,44378.88
668,2024-05-02,25,30,5,18,19422.18
669,2024-05-02,9,18,2,12,9868.92
670,2024-05-03,9,7,6,1,830.54
671,2024-05-03,25,15,4,12,10256.52
672,2024-05-03,25,40,2,3,3204.12
673,2024-05-03,4,14,5,2,5271.48
674,2024-05-03,25,39,3,6,5304.96
675,2024-05-03,24,11,5,5,28444.8
676,2024-05-03,1,16,4,12,30565.56
677,2024-05-03,16,23,4,7,27179.25
678,2024-05-04,1,1,1,4,9870.08
679,2024-05-04,21,23,1,13,68260.01
680,2024-05-04,8,25,6,19,18347.54
681,2024-05-04,21,2,3,8,34649.12
682,2024-05-05,23,23,2,14,33450.62
683,2024-05-05,11,20,4,14,55887.44
684,2024-05-05,7,31,3,19,59872.04
685,2024-05-05,25,19,1,5,5185.4
686,2024-05-05,11,16,2,1,3819.73
687,2024-05-05,11,29,2,20,78850.2
688,2024-05-06,7,29,2,12,30386.04
689,2024-05-06,14,20,6,5,12327.95
690,2024-05-07,1,1,2,4,8499.88
691,2024-05-07,10,23,1,5,29991.3
692,2024-05-07,25,26,1,6,5639.22
693,2024-05-07,14,26,3,11,24727.23
694,2024-05-08,8,1,1,7,7592.83
695,2024-05-08,5,37,4,17,100823.94
696,2024-05-08,23,4,3,4,10992.12
697,2024-05-08,3,32,2,4,3190.4
698,2024-05-08,17,15,6,14,12887.84
699,2024-05-08,18,35,5,5,13716.1
700,2024-05-09,4,32,1,17,42408.71
701,2024-05-09,12,15,6,7,5868.24
702,2024-05-09,3,1,3,9,8519.85
703,2024-05-09,9,13,5,3,2777.46
704,2024-05-09,2,24,3,14,42038.5
705,2024-05-10,21,36,3,15,75969.6
706,2024-05-10,23,18,4,14,41091.82
707,2024-05-10,14,25,2,11,24033.68
708,2024-05-10,13,10,6,13,10726.3
709,2024-05-10,1,17,6,8,19458.64
710,2024-05-10,20,13,6,13,49887.11
711,2024-05-10,4,3,6,3,8576.22
712,2024-05-10,2,21,6,13,38053.73
713,2024-05-10,21,21,4,15,76076.4
714,2024-05-11,19,31,5,1,3732.84
715,2024-05-11,11,25,2,19,73837.23
716,2024-05-11,21,5,4,13,62333.44
717,2024-05-11,17,21,1,9,9968.85
718,2024-05-11,21,40,3,18,94257.36
719,2024-05-11,9,23,5,16,14407.36
720,2024-05-12,5,34,3,3,19436.28
721,2024-05-12,17,24,2,7,7570.43
722,2024-05-12,22,30,2,6,20994.6
723,2024-05-13,21,24,4,2,9494.76
724,2024-05-13,4,17,4,14,32844.84
725,2024-05-13,4,34,5,12,29963.04
726,2024-05-13,10,18,4,15,94073.85
727,2024-05-14,4,12,5,15,40555.65
728,2024-05-14,5,24,4,1,6071.04
729,2024-05-14,17,34,3,8,8885.6
730,2024-05-14,13,13,1,9,5773.14
731,2024-05-14,19,12,3,9,29574.54
732,2024-05-15,23,21,3,18,43442.64
733,2024-05-15,8,6,5,9,9870.39
734,2024-05-15,21,13,2,16,88235.04
735,2024-05-15,14,24,1,10,22329.4
736,2024-05-15,23,3,6,15,37320.3
737,2024-05-15,25,28,6,10,10769.5
738,2024-05-15,20,25,5,9,29010.42
739,2024-05-15,5,38,3,20,105301.4
740,2024-05-16,3,25,4,3,2880.18
741,2024-05-16,17,2,1,14,15008.28
742,2024-05-16,19,30,6,19,70700.9
743,2024-05-16,14,12,1,14,34519.24
744,2024-05-16,15,33,1,13,46986.03
745,2024-05-16,22,26,5,8,33214.0
746,2024-05-16,2,25,4,10,28160.1
747,2024-05-17,4,5,5,3,7187.4
748,2024-05-17,1,14,5,4,9430.28
749,2024-05-17,15,13,6,2,7917.52
750,2024-05-17,11,36,6,16,67733.92
751,2024-05-17,24,9,4,14,78436.54
752,2024-05-17,2,13,5,5,13155.5
753,2024-05-18,18,6,3,9,23919.75
754,2024-05-18,13,20,5,9,7009.38
755,2024-05-18,13,4,3,17,14041.49
756,2024-05-18,10,28,5,8,52974.88
757,2024-05-18,9,4,2,10,7474.1
758,2024-05-18,18,32,6,12,35629.92
759,2024-05-18,19,22,2,5,18085.25
760,2024-05-19,15,21,1,18,68274.36
761,2024-05-19,18,37,3,3,7721.64
762,2024-05-19,2,29,3,9,22961.07
763,2024-05-19,7,38,5,7,22125.81
764,2024-05-19,15,29,2,13,52956.02
765,2024-05-20,14,5,5,4,7527.24
766,2024-05-20,16,36,6,6,19311.84
767,2024-05-20,6,19,2,16,10174.08
768,2024-05-20,18,14,5,6,14251.14
769,2024-05-20,4,6,1,15,34536.9
770,2024-05-20,14,17,6,8,18066.0
771,2024-05-21,15,4,6,14,45724.28
772,2024-05-21,5,29,3,2,10426.32
773,2024-05-21,25,21,6,8,8409.28
774,2024-05-21,18,17,3,5,12494.3
775,2024-05-21,18,15,4,7,16658.67
776,2024-05-22,5,35,6,10,53174.5
777,2024-05-22,3,12,4,7,6198.71
778,2024-05-22,11,23,1,13,44368.61
779,2024-05-22,22,34,5,7,31048.85
780,2024-05-22,3,2,4,10,8920.4
781,2024-05-22,3,20,5,7,6235.04
782,2024-05-22,19,13,2,18,72661.14
783,2024-05-23,16,15,5,9,36209.97
784,2024-05-23,10,7,1,2,12261.9
785,2024-05-23,12,20,1,7,6007.19
786,2024-05-23,6,31,2,11,7275.73
787,2024-05-23,11,20,1,12,41803.56
788,2024-05-24,24,11,5,18,81676.08
789,2024-05-24,13,3,5,15,9679.8
790,2024-05-24,19,9,4,4,14671.48
791,2024-05-24,19,11,3,12,39671.28
792,2024-05-24,6,31,3,3,1973.28
793,2024-05-25,5,16,1,9,45936.63
794,2024-05-25,5,35,1,16,86322.56
795,2024-05-25,11,37,5,15,53357.7
796,2024-05-26,7,14,2,10,28293.7
797,2024-05-26,8,7,1,18,18029.7
798,2024-05-26,4,37,2,2,5189.86
799,2024-05-26,23,11,2,8,18202.0
800,2024-05-26,9,40,5,1,799.23
801,2024-05-26,4,8,1,10,26554.8
802,2024-05-26,22,16,5,19,67857.36
803,2024-05-27,25,4,2,17,17113.73
804,2024-05-27,3,7,1,20,17060.6
805,2024-05-27,7,12,3,20,62724.4
806,2024-05-27,11,30,5,3,12527.67
807,2024-05-27,6,27,4,1,654.96
808,2024-05-27,2,10,6,3,9006.09
809,2024-05-28,12,15,6,5,3485.1
810,2024-05-28,11,31,1,3,13141.62
811,2024-05-28,16,5,5,17,68605.2
812,2024-05-28,21,4,3,3,13715.13
813,2024-05-29,14,23,5,3,6760.05
814,2024-05-29,6,32,2,16,11601.6
815,2024-05-29,9,30,6,10,9114.5
816,2024-05-29,19,33,3,6,22151.04
817,2024-05-29,24,8,1,19,97810.29
818,2024-05-30,9,38,4,8,6050.4
819,2024-05-30,18,37,6,8,23421.76
820,2024-05-30,23,26,6,2,5000.04
821,2024-05-30,22,26,1,11,46710.95
822,2024-05-30,8,28,3,11,11526.24
823,2024-05-30,1,2,1,10,23522.5
824,2024-05-30,16,20,4,14,50990.1
825,2024-05-30,5,6,3,11,64335.81
826,2024-05-30,13,19,3,15,11539.8
827,2024-05-31,3,29,4,9,7332.21
828,2024-05-31,22,8,2,18,76063.86
829,2024-05-31,22,12,4,2,7493.68
830,2024-05-31,9,24,2,11,10161.91
831,2024-05-31,8,40,4,12,13351.8
832,2024-06-01,17,11,4,20,19557.0
833,2024-06-01,17,12,1,1,919.88
834,2024-06-01,8,17,6,15,15297.0
835,2024-06-01,12,33,6,4,3467.6
836,2024-06-01,13,17,6,5,4175.35
837,2024-06-02,14,22,4,3,6507.0
838,2024-06-02,9,25,5,10,7847.1
839,2024-06-02,22,32,4,2,8673.64
840,2024-06-02,12,8,5,1,665.09
841,2024-06-02,13,33,2,15,10557.3
842,2024-06-02,24,3,3,20,109317.6
843,2024-06-02,16,18,2,5,16055.15
844,2024-06-03,17,12,6,2,2451.3
845,2024-06-03,19,16,3,9,35083.35
846,2024-06-03,25,36,4,18,14775.48
847,2024-06-03,21,25,4,3,16312.62
848,2024-06-03,23,18,3,12,32643.36
849,2024-06-03,6,4,5,19,13113.04
850,2024-06-03,12,4,2,5,3481.9
851,2024-06-04,10,20,1,17,92306.43
852,2024-06-04,19,24,6,10,42680.4
853,2024-06-04,6,31,2,9,5880.33
854,2024-06-04,20,26,1,11,41546.23
855,2024-06-04,22,21,4,9,33583.14
856,2024-06-04,16,40,4,9,29912.22
857,2024-06-04,17,21,1,14,15611.4
858,2024-06-04,5,31,6,9,55781.1
859,2024-06-04,18,18,4,14,39667.46
860,2024-06-04,12,19,6,13,9982.31
861,2024-06-05,1,37,3,2,4762.68
862,2024-06-05,12,17,2,20,17143.8
863,2024-06-05,3,39,6,18,14246.1
864,2024-06-05,14,11,6,4,9702.44
865,2024-06-05,6,26,6,4,2980.88
866,2024-06-05,11,22,3,13,48331.92
867,2024-06-05,6,34,4,5,3486.4
868,2024-06-06,22,22,6,10,34781.3
869,2024-06-06,3,1,5,14,10974.46
870,2024-06-06,22,26,2,8,31769.92
871,2024-06-06,19,9,2,9,36610.74
872,2024-06-06,8,19,1,8,8010.4
873,2024-06-06,24,9,6,13,73498.1
874,2024-06-06,23,18,6,13,34611.46
875,2024-06-07,17,15,3,9,9954.72
876,2024-06-07,4,6,3,12,32813.76
877,2024-06-07,1,21,2,17,35210.57
878,2024-06-07,1,9,4,15,36701.55
879,2024-06-07,9,29,5,17,12138.85
880,2024-06-07,18,3,5,20,57494.6
881,2024-06-07,15,19,6,4,14426.0
882,2024-06-07,11,15,2,11,42561.2
883,2024-06-08,18,37,5,7,17344.81
884,2024-06-08,23,12,1,1,2375.45
885,2024-06-08,17,5,6,9,9447.66
886,2024-06-08,9,26,4,3,2510.37
887,2024-06-08,17,4,3,19,19858.23
888,2024-06-08,18,17,1,11,30379.91
889,2024-06-08,21,28,4,16,81757.6
890,2024-06-09,20,40,2,15,46019.7
891,2024-06-09,4,13,1,13,30612.14
892,2024-06-09,24,13,6,17,74749.34
893,2024-06-09,24,13,5,7,38500.98
894,2024-06-09,25,2,6,10,10166.9
895,2024-06-09,24,5,3,20,108434.2
896,2024-06-09,7,35,3,14,35064.26
897,2024-06-09,18,37,6,12,32867.64
898,2024-06-09,11,3,6,12,43472.28
899,2024-06-09,6,2,6,12,8104.92
900,2024-06-10,15,10,3,4,13843.0
901,2024-06-10,25,6,3,16,15131.36
902,2024-06-10,11,9,1,16,68335.36
903,2024-06-10,17,25,2,19,18939.2
904,2024-06-10,12,13,6,9,7159.41
905,2024-06-11,17,25,2,14,16200.8
906,2024-06-11,14,8,2,5,9684.8
907,2024-06-11,24,2,1,19,97798.89
908,2024-06-11,3,14,5,15,14494.2
909,2024-06-11,18,22,5,3,8740.02
910,2024-06-12,18,14,1,15,39464.4
911,2024-06-12,8,25,1,7,7820.47
912,2024-06-12,4,13,4,19,54804.36
913,2024-06-12,15,29,1,19,70526.1
914,2024-06-12,19,11,4,2,8300.12
915,2024-06-12,21,31,6,8,42493.36
916,2024-06-12,16,32,5,20,67097.4
917,2024-06-12,13,15,1,3,2359.26
918,2024-06-12,13,15,6,19,15298.8
919,2024-06-13,8,13,1,4,4471.32
920,2024-06-13,2,16,2,15,36235.8
921,2024-06-13,25,37,4,2,2132.5
922,2024-06-13,9,2,4,2,1472.14
923,2024-06-13,25,7,2,4,4079.64
924,2024-06-14,5,33,3,17,88698.69
925,2024-06-14,4,25,1,17,47889.17
926,2024-06-14,3,6,5,1,908.9
927,2024-06-15,18,35,5,3,8394.39
928,2024-06-15,10,1,5,15,87259.5
929,2024-06-15,24,33,4,7,30856.07
930,2024-06-16,7,14,6,4,12329.64
931,2024-06-16,14,6,5,4,8918.96
932,2024-06-16,17,6,6,12,13530.36
933,2024-06-16,8,18,3,4,3535.2
934,2024-06-17,16,22,2,20,76376.2
935,2024-06-17,1,8,6,3,6219.3
936,2024-06-17,23,25,4,20,47374.8
937,2024-06-17,14,14,6,20,44123.6
938,2024-06-17,25,4,6,3,3184.53
939,2024-06-18,24,9,4,1,5349.72
940,2024-06-18,2,19,4,6,17204.46
941,2024-06-18,9,20,3,5,3796.15
942,2024-06-18,1,11,4,11,25083.08
943,2024-06-18,6,21,3,16,11884.64
944,2024-06-18,8,2,3,1,976.08
945,2024-06-18,8,22,1,18,20009.16
946,2024-06-19,11,7,1,3,11611.95
947,2024-06-19,11,24,1,14,55646.08
948,2024-06-19,18,11,2,4,11976.92
949,2024-06-19,17,35,2,2,2238.06
950,2024-06-19,14,6,6,17,38714.61
951,2024-06-19,7,1,6,7,19128.69
952,2024-06-20,9,12,5,14,12142.76
953,2024-06-20,15,19,4,20,76336.4
954,2024-06-21,1,14,6,3,7465.5
955,2024-06-21,9,38,2,20,18507.0
956,2024-06-21,21,26,3,3,15424.95
957,2024-06-21,3,35,1,3,2859.9
958,2024-06-21,3,36,1,12,9430.2
959,2024-06-21,24,33,6,16,85088.8
960,2024-06-22,9,7,3,15,11126.7
961,2024-06-22,10,12,4,13,75891.66
962,2024-06-22,24,30,3,4,22513.6
963,2024-06-22,11,15,1,7,23248.89
964,2024-06-22,7,18,5,12,36615.84
965,2024-06-22,1,6,2,7,14500.64
966,2024-06-22,22,17,2,19,69847.04
967,2024-06-23,2,6,5,13,33518.81
968,2024-06-23,19,19,1,8,26325.6
969,2024-06-23,9,23,3,5,4593.75
970,2024-06-23,18,17,3,6,14217.54
971,2024-06-23,12,8,2,6,4599.0
972,2024-06-23,6,2,2,10,7424.9
973,2024-06-23,21,25,3,7,38880.24
974,2024-06-23,8,1,1,16,14933.12
975,2024-06-24,4,16,3,13,37099.53
976,2024-06-24,1,8,1,16,37089.12
977,2024-06-24,15,6,4,18,69161.94
978,2024-06-24,4,12,2,16,41413.12
979,2024-06-24,14,13,1,15,28336.05
980,2024-06-24,9,16,3,12,9646.56
981,2024-06-25,8,37,5,16,17135.84
982,2024-06-25,13,28,5,4,2601.68
983,2024-06-25,2,33,3,8,22323.28
984,2024-06-25,7,17,4,4,10251.32
985,2024-06-25,15,29,6,5,15913.95
986,2024-06-26,11,24,1,4,14050.6
987,2024-06-26,4,12,5,16,41437.6
988,2024-06-26,1,31,6,17,44728.7
989,2024-06-26,24,15,4,2,10311.72
990,2024-06-26,22,24,2,20,69690.0
991,2024-06-27,11,24,6,2,8454.28
992,2024-06-27,21,2,5,6,31723.74
993,2024-06-28,15,3,3,3,10712.85
994,2024-06-28,15,20,6,5,19872.85
995,2024-06-28,11,5,4,19,66615.9
996,2024-06-28,1,31,2,6,12186.24
997,2024-06-28,3,32,6,16,13797.44
998,2024-06-28,7,13,4,20,64938.0
999,2024-06-28,7,30,3,10,33246.8
1000,2024-06-28,8,12,3,11,9539.2
1001,2024-06-29,19,16,1,12,48618.6
1002,2024-06-29,5,39,4,20,125761.0
1003,2024-06-29,16,25,2,18,68193.18
1004,2024-06-30,9,18,4,8,6651.68
1005,2024-06-30,5,9,5,5,32980.65
1006,2024-06-30,11,28,2,2,6942.92
1007,2024-06-30,3,27,3,19,18548.94
1008,2024-06-30,19,18,6,8,33187.76
1009,2024-06-30,14,7,1,4,7533.72
1010,2024-06-30,10,12,2,3,16897.11
1011,2024-07-01,10,29,2,17,104312.68
1012,2024-07-01,16,24,5,17,65102.18
1013,2024-07-01,18,38,3,7,18160.24
1014,2024-07-02,19,17,6,13,44448.3
1015,2024-07-02,8,34,3,14,13480.32
1016,2024-07-02,22,4,5,3,12324.03
1017,2024-07-02,22,21,1,16,57049.12
1018,2024-07-02,15,12,4,16,55323.84
1019,2024-07-02,11,6,2,8,34876.96
1020,2024-07-02,18,9,6,14,35951.02
1021,2024-07-03,12,24,2,13,10361.26
1022,2024-07-03,8,8,1,7,7766.64
1023,2024-07-03,17,40,4,5,5954.85
1024,2024-07-03,21,30,3,3,14874.96
1025,2024-07-03,19,28,3,18,64912.68
1026,2024-07-03,6,11,4,16,11666.08
1027,2024-07-04,12,19,5,4,3448.4
1028,2024-07-04,21,38,2,7,36358.98
1029,2024-07-04,12,11,1,10,7938.4
1030,2024-07-04,20,38,1,15,55523.25
1031,2024-07-04,7,27,6,1,2988.8
1032,2024-07-04,18,1,2,9,20583.54
1033,2024-07-04,3,15,2,8,6142.56
1034,2024-07-04,9,8,1,8,5638.16
1035,2024-07-04,3,22,1,7,5633.6
1036,2024-07-05,14,22,1,16,38263.84
1037,2024-07-05,3,6,1,9,7275.06
1038,2024-07-05,20,17,2,2,7108.82
1039,2024-07-05,24,32,2,11,53580.89
1040,2024-07-06,7,36,1,20,65319.8
1041,2024-07-06,25,28,4,5,5207.25
1042,2024-07-06,10,5,4,1,5530.38
1043,2024-07-06,4,13,6,3,8003.07
1044,2024-07-06,15,15,5,15,58873.35
1045,2024-07-07,19,13,5,14,47215.56
1046,2024-07-07,7,30,2,4,12767.92
1047,2024-07-07,25,34,5,9,8548.74
1048,2024-07-07,11,2,2,2,6643.0
1049,2024-07-07,17,30,5,10,9846.0
1050,2024-07-07,7,20,6,6,15983.28
1051,2024-07-07,9,15,4,5,3684.95
1052,2024-07-07,25,20,4,11,11420.31
1053,2024-07-08,11,4,5,17,69325.32
1054,2024-07-08,11,21,5,3,10827.69
1055,2024-07-08,8,16,4,5,4541.25
1056,2024-07-08,1,33,6,7,15670.69
1057,2024-07-08,17,31,5,12,13560.24
1058,2024-07-08,10,5,5,3,15958.2
1059,2024-07-08,13,17,6,14,10366.58
1060,2024-07-09,16,24,5,14,56364.7
1061,2024-07-09,15,7,4,11,41209.08
1062,2024-07-09,3,36,2,9,7207.38
1063,2024-07-10,3,3,3,15,14124.9
1064,2024-07-10,22,22,4,3,12828.12
1065,2024-07-10,17,7,6,3,2892.51
1066,2024-07-10,24,9,5,2,8838.8
1067,2024-07-10,4,35,5,3,7400.07
1068,2024-07-11,6,28,6,13,9663.03
1069,2024-07-11,11,16,4,12,41072.64
1070,2024-07-11,18,25,4,4,9337.4
1071,2024-07-11,8,19,4,6,6185.4
1072,2024-07-11,13,9,6,7,5555.9
1073,2024-07-11,7,33,3,16,41323.52
1074,2024-07-12,8,31,6,1,931.1
1075,2024-07-12,5,12,6,20,109578.2
1076,2024-07-12,24,27,1,11,59047.23
1077,2024-07-12,1,1,3,8,19280.96
1078,2024-07-13,11,18,3,8,33739.76
1079,2024-07-13,10,26,4,12,74346.48
1080,2024-07-14,10,1,6,4,27007.92
1081,2024-07-14,14,16,6,19,44040.86
1082,2024-07-14,2,20,3,6,17851.62
1083,2024-07-15,14,35,6,10,19340.5
1084,2024-07-15,11,12,3,2,7332.02
1085,2024-07-15,25,35,6,5,5232.0
1086,2024-07-15,2,22,4,18,56754.54
1087,2024-07-16,15,24,2,7,27026.16
1088,2024-07-16,3,2,1,4,3188.24
1089,2024-07-16,8,5,4,12,10539.84
1090,2024-07-16,24,30,6,2,9324.34
1091,2024-07-16,13,25,3,10,8082.5
1092,2024-07-17,19,23,6,16,57061.28
1093,2024-07-17,10,7,5,12,73430.76
1094,2024-07-17,19,29,4,17,56058.69
1095,2024-07-18,1,24,5,8,17301.84
1096,2024-07-18,12,37,1,4,3180.64
1097,2024-07-19,1,6,2,5,11559.9
1098,2024-07-19,17,23,1,10,11713.0
1099,2024-07-19,8,15,3,20,21748.8
1100,2024-07-20,24,5,4,14,64439.9
1101,2024-07-20,7,22,5,11,30190.82
1102,2024-07-20,24,33,1,6,30534.12
1103,2024-07-20,22,25,5,5,20006.3
1104,2024-07-20,6,36,1,6,3574.5
1105,2024-07-20,19,4,2,12,39377.04
1106,2024-07-21,23,10,5,7,18112.99
1107,2024-07-22,7,29,1,5,13105.65
1108,2024-07-22,14,17,5,5,11116.05
1109,2024-07-22,9,33,6,8,6386.88
1110,2024-07-22,15,1,3,2,6402.68
1111,2024-07-22,23,16,5,6,16575.96
1112,2024-07-23,6,13,5,8,5690.56
1113,2024-07-23,24,39,6,4,21860.04
1114,2024-07-23,7,28,5,9,28698.66
1115,2024-07-23,2,29,1,16,50004.16
1116,2024-07-23,3,10,3,18,16920.36
1117,2024-07-24,15,35,3,6,22601.7
1118,2024-07-24,14,15,2,8,19733.12
1119,2024-07-24,14,20,3,12,26797.8
1120,2024-07-24,6,10,2,7,4761.75
1121,2024-07-24,19,19,2,11,36935.47
1122,2024-07-24,14,38,4,16,37919.84
1123,2024-07-24,16,13,4,9,33362.01
1124,2024-07-24,19,11,2,17,57450.99
1125,2024-07-25,3,28,3,13,10302.37
1126,2024-07-25,12,30,5,13,10310.82
1127,2024-07-25,18,31,3,1,2296.57
1128,2024-07-25,17,40,3,13,15751.58
1129,2024-07-25,6,1,6,18,12979.62
1130,2024-07-25,5,26,3,12,72806.4
1131,2024-07-25,19,22,2,19,75084.96
1132,2024-07-25,18,12,3,18,46242.9
1133,2024-07-26,4,2,5,5,14496.3
1134,2024-07-26,11,18,3,16,60331.2
1135,2024-07-26,17,35,3,1,1027.03
1136,2024-07-26,21,17,4,16,71254.4
1137,2024-07-26,20,17,1,20,68562.8
1138,2024-07-26,12,35,1,13,8675.16
1139,2024-07-26,9,32,2,11,8442.17
1140,2024-07-27,3,9,2,7,5742.87
1141,2024-07-27,10,28,3,8,44104.08
1142,2024-07-27,4,36,5,4,11744.08
1143,2024-07-27,3,13,1,5,4388.75
1144,2024-07-27,24,25,4,16,89991.36
1145,2024-07-27,3,20,1,6,5516.46
1146,2024-07-27,3,3,1,2,1615.66
1147,2024-07-28,11,11,1,6,20464.38
1148,2024-07-28,6,13,3,7,4987.99
1149,2024-07-28,4,27,3,14,34630.26
1150,2024-07-28,15,2,6,8,28846.64
1151,2024-07-28,23,10,3,6,13998.72
1152,2024-07-29,15,3,4,17,63747.62
1153,2024-07-29,18,29,1,19,43235.45
1154,2024-07-29,20,33,2,11,38713.18
1155,2024-07-30,2,32,2,18,50155.92
1156,2024-07-30,23,1,5,13,30244.89
1157,2024-07-30,23,24,4,17,49350.15
1158,2024-07-31,13,31,5,14,9920.82
1159,2024-07-31,20,25,2,6,19132.56
1160,2024-07-31,9,40,1,7,6196.19
1161,2024-07-31,19,36,3,11,39226.66
1162,2024-07-31,20,35,4,11,33406.34
1163,2024-08-01,9,3,2,3,2445.33
1164,2024-08-01,14,19,5,3,6616.35
1165,2024-08-01,17,1,1,14,15902.88
1166,2024-08-01,19,18,1,5,16673.0
1167,2024-08-02,24,29,6,9,40423.59
1168,2024-08-02,12,20,2,4,2641.84
1169,2024-08-02,3,24,2,9,7540.65
1170,2024-08-02,17,28,5,17,20837.07
1171,2024-08-03,23,21,4,9,22926.06
1172,2024-08-03,22,3,6,16,70296.96
1173,2024-08-03,5,35,6,10,50372.8
1174,2024-08-03,24,25,2,5,24427.3
1175,2024-08-04,15,6,1,16,50115.2
1176,2024-08-04,7,6,6,15,44897.1
1177,2024-08-04,10,39,2,11,72333.91
1178,2024-08-04,5,33,3,4,24052.56
1179,2024-08-04,11,15,4,6,20802.78
1180,2024-08-05,8,4,2,9,8391.24
1181,2024-08-05,6,5,6,20,13038.0
1182,2024-08-05,13,29,2,18,13868.28
1183,2024-08-05,4,21,6,14,40758.62
1184,2024-08-05,2,30,4,13,33293.13
1185,2024-08-05,17,11,5,7,8419.74
1186,2024-08-05,22,26,2,4,15779.72
1187,2024-08-05,5,18,5,16,91577.6
1188,2024-08-06,25,22,1,19,17156.62
1189,2024-08-06,12,9,4,13,11199.63
1190,2024-08-06,19,25,5,10,42630.3
1191,2024-08-06,18,2,3,6,15012.6
1192,2024-08-07,7,19,4,15,38952.6
1193,2024-08-07,21,24,4,12,61102.44
1194,2024-08-07,21,12,3,7,35445.13
1195,2024-08-07,7,19,6,20,53041.2
1196,2024-08-07,8,1,2,19,16654.07
1197,2024-08-07,18,33,6,3,7261.47
1198,2024-08-07,4,19,1,8,21834.56
1199,2024-08-08,23,28,1,1,2407.57
1200,2024-08-08,9,1,5,11,10001.42
1201,2024-08-08,14,38,5,12,28903.56
1202,2024-08-08,6,12,2,1,705.43
1203,2024-08-08,4,18,5,7,20474.72
1204,2024-08-08,24,25,4,17,98039.0
1205,2024-08-08,23,28,1,1,2260.69
1206,2024-08-08,24,28,3,9,46104.57
1207,2024-08-08,22,4,4,1,4388.29
1208,2024-08-09,20,11,3,18,63231.84
1209,2024-08-09,24,23,3,12,62117.52
1210,2024-08-09,9,11,2,18,13199.94
1211,2024-08-09,5,8,2,4,23679.44
1212,2024-08-09,10,7,5,17,103847.56
1213,2024-08-10,25,16,4,1,1011.21
1214,2024-08-10,5,1,2,8,51808.88
1215,2024-08-10,12,31,5,8,6568.08
1216,2024-08-11,13,3,2,14,9926.0
1217,2024-08-11,22,33,2,2,7664.56
1218,2024-08-11,2,13,1,20,62204.0
1219,2024-08-11,9,6,3,3,2642.76
1220,2024-08-11,21,20,1,3,14677.83
1221,2024-08-11,17,10,2,15,14920.35
1222,2024-08-12,4,11,5,17,43360.54
1223,2024-08-12,2,11,6,16,39586.4
1224,2024-08-12,2,22,1,10,27788.0
1225,2024-08-12,4,13,5,17,47326.98
1226,2024-08-12,13,14,4,6,4118.1
1227,2024-08-13,9,30,1,15,10824.15
1228,2024-08-13,23,7,2,8,21591.28
1229,2024-08-13,14,19,3,3,6547.53
1230,2024-08-13,11,22,2,8,28634.96
1231,2024-08-13,2,28,1,13,35194.12
1232,2024-08-13,5,35,2,3,15195.63
1233,2024-08-13,9,32,3,4,3158.12
1234,2024-08-14,16,19,1,19,77275.09
1235,2024-08-14,19,5,4,16,53766.56
1236,2024-08-14,14,2,6,5,11294.65
1237,2024-08-14,6,3,6,19,14948.25
1238,2024-08-14,3,16,1,4,3887.0
1239,2024-08-14,8,18,3,19,21458.6
1240,2024-08-14,6,18,2,12,8070.84
1241,2024-08-15,15,9,1,15,49375.65
1242,2024-08-15,18,10,6,14,40852.42
1243,2024-08-15,9,25,1,4,2908.6
1244,2024-08-15,22,3,3,8,26671.2
1245,2024-08-15,3,21,6,10,10214.9
1246,2024-08-15,18,37,5,19,49378.15
1247,2024-08-15,7,31,6,10,29249.8
1248,2024-08-15,11,33,5,5,18485.8
1249,2024-08-16,9,2,4,17,12415.1
1250,2024-08-16,14,35,3,20,39320.8
1251,2024-08-16,9,29,3,4,3520.0
1252,2024-08-16,17,33,5,16,15937.6
1253,2024-08-17,13,26,6,18,12589.38
1254,2024-08-17,2,14,6,9,24835.77
1255,2024-08-17,15,30,3,12,46079.76
1256,2024-08-17,3,14,2,12,11451.24
1257,2024-08-17,14,2,3,9,20192.94
1258,2024-08-18,14,39,5,2,4243.18
1259,2024-08-18,22,15,3,10,42227.5
1260,2024-08-18,11,12,4,16,54505.6
1261,2024-08-18,4,32,1,12,28538.28
1262,2024-08-19,23,27,4,5,14355.1
1263,2024-08-19,10,10,6,14,75650.4
1264,2024-08-19,6,4,6,6,3970.92
1265,2024-08-19,8,12,1,11,9554.71
1266,2024-08-19,14,24,5,14,27583.92
1267,2024-08-20,15,39,3,17,59792.74
1268,2024-08-20,1,25,1,13,29711.63
1269,2024-08-20,24,21,3,12,54470.28
1270,2024-08-20,5,13,2,2,11958.6
1271,2024-08-20,1,40,2,19,47066.23
1272,2024-08-20,10,16,2,4,21921.32
1273,2024-08-20,16,21,1,19,76534.28
1274,2024-08-20,2,39,1,19,50063.86
1275,2024-08-20,17,14,4,15,14359.2
1276,2024-08-21,10,1,2,14,93865.8
1277,2024-08-21,4,16,6,11,32619.07
1278,2024-08-21,14,16,4,8,16459.52
1279,2024-08-21,21,36,3,2,10059.88
1280,2024-08-21,9,31,4,16,14102.88
1281,2024-08-21,1,30,2,2,4939.58
1282,2024-08-21,20,39,4,20,61060.8
1283,2024-08-21,18,7,3,13,31015.14
1284,2024-08-22,3,14,6,10,8848.7
1285,2024-08-22,1,6,2,3,6256.74
1286,2024-08-22,12,33,4,1,746.81
1287,2024-08-22,10,11,1,12,72256.08
1288,2024-08-22,17,24,3,17,18209.38
1289,2024-08-22,18,25,3,7,17021.13
1290,2024-08-23,11,37,3,20,79227.8
1291,2024-08-23,10,24,1,3,18588.21
1292,2024-08-24,21,8,3,11,49322.24
1293,2024-08-24,6,24,2,14,8354.64
1294,2024-08-25,13,13,6,1,672.12
1295,2024-08-25,18,17,2,15,38062.2
1296,2024-08-25,6,24,6,15,9371.7
1297,2024-08-25,2,21,6,1,2675.59
1298,2024-08-25,13,31,2,2,1486.66
1299,2024-08-25,18,12,6,6,13896.42
1300,2024-08-25,6,33,2,9,6772.05
1301,2024-08-25,23,33,3,20,55578.4
1302,2024-08-25,10,31,6,18,108941.94
1303,2024-08-25,20,20,3,4,12056.64
1304,2024-08-26,20,29,6,19,70034.0
1305,2024-08-26,11,24,4,19,65094.19
1306,2024-08-26,15,4,6,18,73974.6
1307,2024-08-26,4,3,5,3,8060.28
1308,2024-08-27,23,18,1,17,46711.24
1309,2024-08-27,6,40,2,17,10147.3
1310,2024-08-27,15,30,5,3,11895.54
1311,2024-08-28,11,9,3,11,43436.25
1312,2024-08-28,12,2,5,3,2551.8
1313,2024-08-28,24,19,6,4,17786.68
1314,2024-08-28,9,6,2,10,9150.3
1315,2024-08-28,15,18,5,20,78591.6
1316,2024-08-28,1,15,3,2,5032.3
1317,2024-08-29,3,39,2,18,16029.54
1318,2024-08-29,13,30,2,18,13253.58
1319,2024-08-29,8,33,2,9,8420.04
1320,2024-08-29,5,15,1,10,56024.0
1321,2024-08-29,7,24,4,15,49302.6
1322,2024-08-29,17,2,5,12,12881.4
1323,2024-08-29,25,11,3,12,11072.4
1324,2024-08-30,13,10,4,6,4495.26
1325,2024-08-31,6,14,2,16,12542.56
1326,2024-08-31,21,7,3,8,38337.2
1327,2024-08-31,9,31,3,12,10183.44
1328,2024-08-31,13,14,3,19,14452.92
1329,2024-08-31,14,20,3,1,2389.99
1330,2024-08-31,5,37,6,18,105488.28
1331,2024-09-01,6,7,6,10,7250.0
1332,2024-09-01,14,28,2,15,31816.65
1333,2024-09-01,4,33,2,5,12690.25
1334,2024-09-01,11,28,4,8,31950.4
1335,2024-09-01,9,37,2,5,3617.7
1336,2024-09-01,6,13,4,16,11328.8
1337,2024-09-01,21,7,1,17,84694.0
1338,2024-09-01,7,37,1,15,37884.3
1339,2024-09-02,18,20,6,14,34012.16
1340,2024-09-02,24,37,2,20,94112.8
1341,2024-09-02,21,31,1,12,57820.56
1342,2024-09-02,21,10,3,6,31650.9
1343,2024-09-03,4,4,2,2,5711.34
1344,2024-09-03,8,17,1,7,6175.12
1345,2024-09-04,9,1,3,16,11885.28
1346,2024-09-04,15,27,1,8,27922.96
1347,2024-09-04,25,8,3,8,8384.64
1348,2024-09-04,24,32,1,4,20128.52
1349,2024-09-05,2,27,6,11,32746.12
1350,2024-09-05,18,27,1,13,31643.04
1351,2024-09-05,20,28,5,17,61265.79
1352,2024-09-05,25,31,3,17,17667.25
1353,2024-09-05,6,27,2,14,10795.26
1354,2024-09-05,22,30,5,2,7902.28
1355,2024-09-05,8,8,1,18,18064.8
1356,2024-09-06,22,28,1,12,51935.4
1357,2024-09-06,1,11,2,9,22007.52
1358,2024-09-06,16,28,6,5,20687.8
1359,2024-09-06,21,26,6,7,31438.54
1360,2024-09-06,1,29,6,10,20373.1
1361,2024-09-07,11,6,3,3,10284.27
1362,2024-09-07,2,35,6,10,26193.9
1363,2024-09-07,6,5,3,4,2441.56
1364,2024-09-07,1,40,4,12,29972.52
1365,2024-09-08,21,8,1,17,90861.09
1366,2024-09-08,17,29,4,15,15176.7
1367,2024-09-08,4,25,2,14,40881.54
1368,2024-09-08,11,25,4,16,63933.44
1369,2024-09-08,17,8,5,18,18094.32
1370,2024-09-08,2,13,2,15,38777.7
1371,2024-09-08,15,18,3,13,50640.59
1372,2024-09-08,5,28,2,20,116111.2
1373,2024-09-09,8,27,1,4,4074.16
1374,2024-09-09,2,20,5,20,54584.8
1375,2024-09-09,15,7,4,3,9635.01
1376,2024-09-09,10,2,4,17,108177.97
1377,2024-09-09,12,6,1,5,4132.1
1378,2024-09-09,1,6,1,5,11810.85
1379,2024-09-09,18,5,2,7,19050.15
1380,2024-09-09,10,38,2,14,82500.46
1381,2024-09-09,11,7,5,2,7809.84
1382,2024-09-10,22,4,1,14,51362.78
1383,2024-09-10,4,14,5,14,31909.22
1384,2024-09-10,24,19,2,9,48245.94
1385,2024-09-10,19,30,5,14,45458.0
1386,2024-09-11,21,34,4,17,74962.01
1387,2024-09-11,11,21,5,8,29533.84
1388,2024-09-11,17,24,2,10,11403.6
1389,2024-09-11,14,39,2,17,34350.03
1390,2024-09-12,14,40,2,15,30154.95
1391,2024-09-12,5,36,1,18,108313.56
1392,2024-09-12,3,12,3,9,8887.32
1393,2024-09-12,9,26,4,20,18344.6
1394,2024-09-12,6,7,2,4,2606.36
1395,2024-09-12,16,3,2,17,66936.31
1396,2024-09-12,13,13,3,13,10183.16
1397,2024-09-12,22,19,4,18,74731.32
1398,2024-09-13,13,10,5,7,5044.9
1399,2024-09-13,25,30,1,11,11914.43
1400,2024-09-13,3,5,6,8,7531.2
1401,2024-09-13,18,18,4,6,17366.16
1402,2024-09-14,16,24,2,11,38908.76
1403,2024-09-14,18,10,5,6,14362.26
1404,2024-09-14,17,7,5,7,7465.08
1405,2024-09-14,5,15,3,5,30659.25
1406,2024-09-15,3,1,4,9,7375.14
1407,2024-09-15,8,29,6,13,12889.5
1408,2024-09-15,13,15,4,1,657.65
1409,2024-09-15,9,7,4,8,5647.44
1410,2024-09-15,23,33,1,14,36960.7
1411,2024-09-15,8,4,3,15,14101.95
1412,2024-09-15,19,8,5,2,8353.84
1413,2024-09-16,1,32,5,19,48798.65
1414,2024-09-16,5,35,4,13,67647.58
1415,2024-09-16,9,13,1,12,9521.16
1416,2024-09-16,23,22,5,19,53017.6
1417,2024-09-16,14,37,6,7,16471.28
1418,2024-09-17,12,22,3,17,11473.64
1419,2024-09-17,23,28,5,9,24294.51
1420,2024-09-17,15,37,3,15,53756.85
1421,2024-09-18,4,8,2,20,47239.8
1422,2024-09-18,24,14,4,5,23391.55
1423,2024-09-18,22,22,6,11,38925.04
1424,2024-09-18,15,12,1,16,62828.64
1425,2024-09-18,6,29,1,15,9109.35
1426,2024-09-18,1,33,1,16,40378.08
1427,2024-09-18,14,4,5,8,19008.56
1428,2024-09-18,14,32,4,8,16488.48
1429,2024-09-18,13,33,1,2,1549.84
1430,2024-09-18,11,28,2,2,7905.24
1431,2024-09-19,1,28,4,4,10361.56
1432,2024-09-19,23,7,5,16,46770.4
1433,2024-09-19,13,25,6,19,13390.63
1434,2024-09-19,9,5,4,14,11831.96
1435,2024-09-19,18,32,1,17,43327.73
1436,2024-09-19,13,28,5,4,2974.2
1437,2024-09-19,20,39,4,1,2995.93
1438,2024-09-20,25,27,6,10,8262.8
1439,2024-09-20,20,1,4,9,31745.25
1440,2024-09-20,8,25,1,12,12277.8
1441,2024-09-20,10,22,3,20,123865.8
1442,2024-09-20,18,37,4,8,23728.48
1443,2024-09-20,19,36,6,1,3686.61
1444,2024-09-20,24,40,6,19,109914.62
1445,2024-09-20,16,35,1,10,38807.6
1446,2024-09-20,23,1,2,10,29090.3
1447,2024-09-20,11,16,1,2,8252.34
1448,2024-09-20,21,16,6,6,32585.94
1449,2024-09-21,23,21,5,17,49861.17
1450,2024-09-21,19,7,2,5,21248.7
1451,2024-09-21,15,23,2,17,68395.59
1452,2024-09-21,15,19,3,6,23878.08
1453,2024-09-22,1,32,1,17,37486.02
1454,2024-09-22,4,1,4,6,17131.38
1455,2024-09-22,18,5,2,3,7534.74
1456,2024-09-22,13,35,6,5,4177.5
1457,2024-09-22,2,30,5,19,58387.0
1458,2024-09-22,25,8,2,5,4730.15
1459,2024-09-23,10,4,3,8,53462.64
1460,2024-09-23,4,34,3,6,16840.5
1461,2024-09-23,5,26,6,6,32797.26
1462,2024-09-23,5,17,5,19,108072.95
1463,2024-09-23,18,24,2,6,14203.86
1464,2024-09-23,8,8,2,1,1050.67
1465,2024-09-24,25,20,3,10,10217.6
1466,2024-09-24,4,30,5,10,29160.0
1467,2024-09-24,6,23,4,15,9199.65
1468,2024-09-24,6,1,1,6,3799.38
1469,2024-09-24,22,16,4,13,44492.76
1470,2024-09-25,14,26,3,15,28854.45
1471,2024-09-25,7,28,6,8,23858.56
1472,2024-09-25,12,9,4,15,11525.7
1473,2024-09-26,3,19,6,10,8738.1
1474,2024-09-26,4,29,3,7,17895.5
1475,2024-09-27,16,6,1,10,36090.9
1476,2024-09-27,15,28,3,3,11077.62
1477,2024-09-27,16,15,5,9,32628.06
1478,2024-09-27,23,13,1,6,15526.98
1479,2024-09-27,16,22,4,13,53248.0
1480,2024-09-27,21,6,4,4,20333.6
1481,2024-09-27,22,33,2,5,18357.15
1482,2024-09-28,10,30,3,11,64914.19
1483,2024-09-28,25,40,2,19,17927.26
1484,2024-09-28,6,2,4,9,6468.21
1485,2024-09-28,23,35,4,1,2413.51
1486,2024-09-28,12,2,4,7,5219.27
1487,2024-09-28,14,6,1,7,15976.45
1488,2024-09-28,21,13,4,8,37844.16
1489,2024-09-28,12,30,6,19,15137.87
1490,2024-09-28,14,15,1,12,25101.24
1491,2024-09-29,24,27,6,15,82212.9
1492,2024-09-29,12,11,2,19,14129.54
1493,2024-09-29,21,28,3,19,95231.04
1494,2024-09-29,9,32,6,13,10060.44
1495,2024-09-29,15,37,5,2,8239.08
1496,2024-09-30,7,4,3,2,6339.52
1497,2024-09-30,10,16,4,3,19980.93
1498,2024-09-30,25,35,4,10,9336.7
1499,2024-09-30,18,5,2,3,6891.78
1500,2024-09-30,22,25,2,7,28663.32
1501,2024-09-30,17,10,5,10,10305.9
1502,2024-10-01,4,21,1,2,4580.5
1503,2024-10-01,24,18,3,13,68701.23
1504,2024-10-01,15,30,2,8,27057.04
1505,2024-10-01,6,23,2,15,11685.15
1506,2024-10-01,20,5,2,13,47031.14
1507,2024-10-02,10,35,2,12,75463.32
1508,2024-10-02,21,25,2,4,20321.12
1509,2024-10-02,20,29,6,11,31866.78
1510,2024-10-02,14,15,5,12,24452.28
1511,2024-10-02,23,23,5,8,19449.76
1512,2024-10-02,25,25,1,16,15509.12
1513,2024-10-02,1,2,5,19,49666.0
1514,2024-10-03,25,28,6,11,10438.23
1515,2024-10-03,18,32,1,20,56713.4
1516,2024-10-03,16,1,6,7,24862.53
1517,2024-10-03,9,9,6,10,8556.3
1518,2024-10-04,25,40,6,15,15470.1
1519,2024-10-04,7,39,2,10,29386.1
1520,2024-10-04,24,26,3,7,40690.37
1521,2024-10-04,1,13,5,4,8890.52
1522,2024-10-04,5,19,1,6,33790.98
1523,2024-10-05,4,33,4,10,24188.7
1524,2024-10-05,9,19,6,15,13789.35
1525,2024-10-05,22,1,2,18,66802.86
1526,2024-10-05,11,13,4,8,29115.44
1527,2024-10-06,9,20,3,11,7764.13
1528,2024-10-06,1,18,2,17,44694.7
1529,2024-10-06,7,24,3,12,31089.36
1530,2024-10-06,4,17,1,17,40209.93
1531,2024-10-06,19,24,5,15,56401.2
1532,2024-10-06,17,40,3,2,2050.18
1533,2024-10-06,18,22,2,6,15745.14
1534,2024-10-07,23,16,2,4,9538.76
1535,2024-10-07,2,16,2,7,20525.96
1536,2024-10-07,18,32,3,16,40476.8
1537,2024-10-07,22,15,4,2,7086.72
1538,2024-10-07,17,22,1,16,15636.96
1539,2024-10-07,3,32,2,9,7704.81
1540,2024-10-08,17,7,5,17,20264.0
1541,2024-10-08,20,9,3,5,18562.3
1542,2024-10-08,7,31,1,19,59462.59
1543,2024-10-08,16,14,3,11,44462.11
1544,2024-10-08,1,13,2,16,41972.0
1545,2024-10-08,18,8,6,17,50588.43
1546,2024-10-08,15,7,3,8,29821.52
1547,2024-10-09,18,6,4,11,27920.53
1548,2024-10-09,4,25,4,18,40749.66
1549,2024-10-09,16,20,5,9,36638.46
1550,2024-10-09,1,6,2,7,16466.73
1551,2024-10-09,12,5,6,19,14158.42
1552,2024-10-09,3,3,5,17,16095.43
1553,2024-10-10,5,32,4,1,5817.92
1554,2024-10-10,20,2,4,9,28342.89
1555,2024-10-10,19,18,2,9,34124.94
1556,2024-10-10,15,14,2,7,27100.99
1557,2024-10-10,5,38,3,1,6429.9
1558,2024-10-11,1,4,5,14,32271.68
1559,2024-10-11,4,3,4,16,47056.96
1560,2024-10-11,23,32,2,5,12872.2
1561,2024-10-11,5,9,5,17,95461.46
1562,2024-10-11,14,16,1,9,18142.65
1563,2024-10-11,15,33,5,12,44348.04
1564,2024-10-11,17,14,2,6,7337.76
1565,2024-10-12,1,21,2,3,6732.03
1566,2024-10-12,4,3,1,2,5085.34
1567,2024-10-12,16,14,4,16,66111.36
1568,2024-10-12,10,39,4,7,37679.6
1569,2024-10-12,25,23,5,16,13749.92
1570,2024-10-12,7,8,6,11,36373.48
1571,2024-10-12,7,22,6,15,38736.15
1572,2024-10-13,19,4,6,18,60901.56
1573,2024-10-14,9,37,4,19,13336.86
1574,2024-10-14,19,28,6,2,6725.26
1575,2024-10-14,14,36,5,3,6355.17
1576,2024-10-14,12,28,3,17,12542.6
1577,2024-10-14,12,6,4,10,8641.5
1578,2024-10-15,13,38,1,16,11729.76
1579,2024-10-15,12,1,2,2,1409.48
1580,2024-10-15,2,21,1,10,30666.6
1581,2024-10-15,8,31,4,8,7890.8
1582,2024-10-15,13,24,1,4,2749.32
1583,2024-10-15,12,30,2,19,15780.45
1584,2024-10-15,2,5,6,14,41398.56
1585,2024-10-15,15,40,2,19,68322.1
1586,2024-10-15,4,27,2,19,42511.74
1587,2024-10-16,17,29,3,4,4399.6
1588,2024-10-16,7,6,4,19,61491.6
1589,2024-10-16,20,34,3,6,21507.66
1590,2024-10-16,24,39,1,3,14550.72
1591,2024-10-16,4,40,2,9,22832.28
1592,2024-10-16,21,3,4,17,81206.28
1593,2024-10-17,6,10,5,10,6980.7
1594,2024-10-17,9,18,4,9,8218.53
1595,2024-10-17,24,29,2,5,24001.35
1596,2024-10-17,20,29,2,6,20696.58
1597,2024-10-17,7,20,4,11,29017.34
1598,2024-10-17,16,24,1,13,43793.75
1599,2024-10-17,14,34,3,9,17643.69
1600,2024-10-18,22,18,2,7,26271.98
1601,2024-10-18,5,30,5,12,79154.88
1602,2024-10-18,17,12,6,20,19663.8
1603,2024-10-18,11,28,2,18,64408.32
1604,2024-10-18,3,7,3,9,7111.62
1605,2024-10-18,18,16,3,16,40189.92
1606,2024-10-18,9,4,6,12,10299.84
1607,2024-10-19,22,2,2,4,15862.04
1608,2024-10-19,19,6,6,9,37389.69
1609,2024-10-19,19,32,5,14,48035.54
1610,2024-10-19,25,20,3,11,10308.43
1611,2024-10-19,25,23,5,4,3686.92
1612,2024-10-20,10,39,6,4,25663.16
1613,2024-10-20,23,18,5,11,26609.11
1614,2024-10-20,3,3,1,8,8148.24
1615,2024-10-21,6,18,2,14,9230.9
1616,2024-10-21,21,34,5,6,33145.5
1617,2024-10-21,10,8,5,6,36757.08
1618,2024-10-21,6,33,5,1,640.02
1619,2024-10-22,16,27,5,5,18973.25
1620,2024-10-22,15,6,1,6,18894.9
1621,2024-10-22,21,2,5,11,60312.45
1622,2024-10-22,2,19,6,6,14875.38
1623,2024-10-23,6,35,6,14,10085.32
1624,2024-10-23,10,29,2,11,59821.63
1625,2024-10-23,15,20,4,13,42801.98
1626,2024-10-23,5,16,4,18,98704.26
1627,2024-10-23,12,39,4,3,2303.55
1628,2024-10-23,24,35,5,4,21953.64
1629,2024-10-23,21,37,3,19,105019.65
1630,2024-10-23,20,22,3,4,12122.76
1631,2024-10-24,14,7,2,1,2183.78
1632,2024-10-24,23,17,3,14,39170.04
1633,2024-10-24,2,18,6,5,14850.3
1634,2024-10-24,4,10,4,12,29880.72
1635,2024-10-24,15,21,6,2,6914.84
1636,2024-10-25,2,34,4,12,35288.52
1637,2024-10-25,22,36,5,12,50082.6
1638,2024-10-26,12,5,3,15,10683.9
1639,2024-10-26,21,28,1,3,15836.28
1640,2024-10-26,2,35,2,17,44222.44
1641,2024-10-26,14,9,2,18,39310.74
1642,2024-10-26,4,29,6,5,14705.2
1643,2024-10-27,1,1,6,8,16459.2
1644,2024-10-27,8,10,2,5,4830.35
1645,2024-10-27,17,31,3,19,19793.82
1646,2024-10-28,1,20,5,8,19850.08
1647,2024-10-28,24,3,3,16,91521.44
1648,2024-10-28,14,29,2,5,11370.8
1649,2024-10-29,17,1,6,11,13355.87
1650,2024-10-29,23,36,2,16,41885.76
1651,2024-10-30,1,26,3,11,25793.46
1652,2024-10-30,19,3,1,1,3921.08
1653,2024-10-30,16,26,3,3,9893.79
1654,2024-10-30,8,6,4,9,9408.96
1655,2024-10-31,18,34,5,15,40546.35
1656,2024-10-31,18,14,4,12,31588.8
1657,2024-10-31,3,23,6,14,11177.88
1658,2024-10-31,5,14,2,18,101628.18
1659,2024-10-31,8,2,4,8,7372.48
1660,2024-10-31,9,34,4,10,7134.5
1661,2024-10-31,10,20,6,18,104485.14
1662,2024-10-31,19,30,3,6,22381.8
1663,2024-10-31,13,40,3,2,1316.84
1664,2024-11-01,6,32,2,17,13019.11
1665,2024-11-01,8,40,5,9,8673.48
1666,2024-11-01,4,23,3,11,24598.97
1667,2024-11-01,13,22,3,20,15948.8
1668,2024-11-01,23,10,2,11,30937.28
1669,2024-11-01,1,5,4,19,49286.57
1670,2024-11-01,18,33,1,11,33087.67
1671,2024-11-02,14,22,3,18,36194.58
1672,2024-11-02,18,35,3,1,2321.78
1673,2024-11-02,23,5,5,18,48301.74
1674,2024-11-02,18,17,1,13,38055.29
1675,2024-11-02,12,19,3,14,9212.42
1676,2024-11-02,1,4,2,12,24669.72
1677,2024-11-02,18,7,5,17,46882.43
1678,2024-11-02,11,17,3,3,11613.15
1679,2024-11-02,4,30,4,5,14721.5
1680,2024-11-02,8,35,3,6,6738.6
1681,2024-11-02,17,31,6,11,13427.04
1682,2024-11-03,25,36,5,9,8323.11
1683,2024-11-03,7,2,5,3,9623.25
1684,2024-11-03,18,29,3,19,43861.31
1685,2024-11-03,6,38,3,14,9429.56
1686,2024-11-03,14,6,6,7,12973.73
1687,2024-11-03,18,29,5,5,11808.9
1688,2024-11-03,22,2,5,6,24738.12
1689,2024-11-03,12,28,3,11,7224.03
1690,2024-11-03,8,29,2,8,8210.32
1691,2024-11-03,3,15,1,8,6354.64
1692,2024-11-04,11,31,2,14,50872.78
1693,2024-11-04,13,21,4,16,12584.64
1694,2024-11-04,15,7,4,6,21959.28
1695,2024-11-04,18,16,6,16,37512.0
1696,2024-11-05,12,27,4,5,3354.8
1697,2024-11-05,16,40,4,13,51164.1
1698,2024-11-05,16,19,5,6,25177.44
1699,2024-11-05,4,36,2,20,59432.8
1700,2024-11-05,11,16,2,12,42380.64
1701,2024-11-05,15,32,4,13,47151.52
1702,2024-11-05,18,23,3,5,12093.35
1703,2024-11-05,3,31,2,3,2535.21
1704,2024-11-05,24,30,1,15,79380.9
1705,2024-11-05,13,34,4,3,2282.7
1706,2024-11-05,7,9,2,1,3311.91
1707,2024-11-05,25,14,3,12,11112.84
1708,2024-11-06,9,1,2,7,6176.03
1709,2024-11-06,11,20,1,17,56968.7
1710,2024-11-06,20,25,5,4,11632.72
1711,2024-11-06,14,2,6,15,31072.05
1712,2024-11-06,24,10,5,20,107870.2
1713,2024-11-06,2,30,3,6,18213.12
1714,2024-11-06,19,35,4,9,36426.51
1715,2024-11-06,1,23,1,10,22520.9
1716,2024-11-06,3,1,5,3,2992.83
1717,2024-11-07,14,31,1,4,9354.24
1718,2024-11-07,4,6,5,9,20174.13
1719,2024-11-07,21,26,2,17,96110.01
1720,2024-11-07,4,34,4,11,29519.71
1721,2024-11-07,23,34,6,19,50146.89
1722,2024-11-07,21,15,2,1,4404.58
1723,2024-11-07,6,26,1,11,8682.08
1724,2024-11-07,12,33,4,14,11164.16
1725,2024-11-08,1,27,2,7,15746.15
1726,2024-11-08,24,15,3,15,80956.8
1727,2024-11-08,2,37,2,11,32574.19
1728,2024-11-08,14,6,1,19,39693.85
1729,2024-11-08,4,32,1,10,26343.4
1730,2024-11-08,23,40,1,3,8250.42
1731,2024-11-08,7,40,5,2,6187.9
1732,2024-11-08,8,26,2,20,20392.2
1733,2024-11-08,9,22,6,12,8819.28
1734,2024-11-08,15,33,4,6,21421.14
1735,2024-11-09,2,15,4,10,25498.5
1736,2024-11-09,10,38,5,19,119235.83
1737,2024-11-09,18,35,6,12,33066.84
1738,2024-11-09,5,15,6,3,15400.62
1739,2024-11-09,22,11,4,5,21340.7
1740,2024-11-09,6,24,4,1,699.33
1741,2024-11-09,7,17,6,16,39933.28
1742,2024-11-09,8,17,3,11,9863.48
1743,2024-11-09,11,33,3,11,37935.15
1744,2024-11-09,24,1,6,20,101827.8
1745,2024-11-09,8,30,6,3,3347.13
1746,2024-11-10,5,30,5,4,26018.2
1747,2024-11-10,4,40,5,1,2469.18
1748,2024-11-10,22,40,4,7,28192.15
1749,2024-11-10,17,13,5,3,3364.41
1750,2024-11-10,10,8,2,3,19966.5
1751,2024-11-10,15,37,4,12,38710.92
1752,2024-11-10,9,37,1,7,5326.79
1753,2024-11-10,22,25,4,14,50249.36
1754,2024-11-10,4,12,2,14,39538.94
1755,2024-11-10,5,10,5,9,46768.77
1756,2024-11-10,25,11,2,7,6634.39
1757,2024-11-11,8,5,4,6,5400.9
1758,2024-11-11,12,6,2,11,8749.95
1759,2024-11-11,3,2,1,19,19082.27
1760,2024-11-11,22,39,1,4,15870.52
1761,2024-11-11,4,38,4,12,28924.92
1762,2024-11-11,17,26,5,11,11379.28
1763,2024-11-11,14,11,6,18,39330.36
1764,2024-11-11,18,14,2,2,5995.98
1765,2024-11-11,6,15,4,19,12747.48
1766,2024-11-11,16,5,4,8,31912.64
1767,2024-11-11,14,20,4,14,32028.5
1768,2024-11-11,24,32,6,9,48672.63
1769,2024-11-11,2,33,1,15,41570.4
1770,2024-11-12,10,31,1,10,53177.2
1771,2024-11-12,3,23,4,6,5274.66
1772,2024-11-12,17,25,5,9,9740.7
1773,2024-11-12,5,36,1,15,74690.25
1774,2024-11-12,12,21,3,10,6854.0
1775,2024-11-12,24,1,2,14,71286.04
1776,2024-11-12,5,15,4,7,45099.74
1777,2024-11-12,11,37,4,13,44601.18
1778,2024-11-12,19,3,6,19,71860.85
1779,2024-11-13,19,16,3,20,82450.4
1780,2024-11-13,23,10,5,2,5484.04
1781,2024-11-13,19,20,3,19,62617.16
1782,2024-11-13,14,33,3,16,32426.4
1783,2024-11-13,7,15,2,9,26307.99
1784,2024-11-13,16,36,1,9,30543.75
1785,2024-11-13,7,5,4,16,50484.48
1786,2024-11-13,17,8,1,9,10466.46
1787,2024-11-13,12,31,1,16,13277.44
1788,2024-11-14,9,9,1,5,4565.9
1789,2024-11-14,6,39,2,7,4938.99
1790,2024-11-14,8,1,1,16,14947.84
1791,2024-11-14,13,16,5,9,7121.61
1792,2024-11-14,20,19,5,10,37123.3
1793,2024-11-14,2,11,2,9,27611.73
1794,2024-11-14,21,38,4,5,25839.15
1795,2024-11-14,5,14,6,16,79434.56
1796,2024-11-14,18,4,3,12,29980.8
1797,2024-11-14,15,17,4,3,10032.63
1798,2024-11-14,5,8,2,9,56114.64
1799,2024-11-15,8,14,4,17,19322.71
1800,2024-11-15,6,21,5,4,2617.12
1801,2024-11-15,13,18,4,6,4063.38
1802,2024-11-15,1,5,1,20,46965.4
1803,2024-11-15,14,7,2,6,11936.64
1804,2024-11-15,8,5,4,2,1901.3
1805,2024-11-15,17,3,5,12,11397.24
1806,2024-11-15,5,31,5,18,104182.2
1807,2024-11-16,3,8,4,11,10378.83
1808,2024-11-16,4,17,5,11,24976.49
1809,2024-11-16,21,22,3,18,102082.68
1810,2024-11-16,4,16,5,16,47088.96
1811,2024-11-16,16,9,1,4,13729.52
1812,2024-11-16,20,1,1,5,17423.6
1813,2024-11-16,3,17,2,6,5002.92
1814,2024-11-16,4,16,5,4,11285.68
1815,2024-11-16,20,13,5,1,3059.0
1816,2024-11-17,14,8,1,17,36903.94
1817,2024-11-17,8,6,6,6,6269.52
1818,2024-11-17,4,25,5,10,24182.3
1819,2024-11-17,13,3,5,12,8867.52
1820,2024-11-17,8,4,3,3,3059.58
1821,2024-11-17,22,25,5,14,53822.72
1822,2024-11-18,19,1,6,11,42352.53
1823,2024-11-18,5,17,3,1,6382.82
1824,2024-11-18,18,30,6,20,52829.0
1825,2024-11-18,3,9,5,10,7960.6
1826,2024-11-18,1,25,4,18,46926.0
1827,2024-11-18,8,9,3,12,11428.32
1828,2024-11-18,22,5,5,12,43261.8
1829,2024-11-18,21,20,3,20,86452.6
1830,2024-11-18,20,20,2,15,47064.6
1831,2024-11-19,13,6,6,12,8237.88
1832,2024-11-19,15,8,2,19,74468.98
1833,2024-11-19,17,20,6,9,10646.28
1834,2024-11-19,21,32,5,19,94735.14
1835,2024-11-19,23,34,3,14,35793.38
1836,2024-11-19,10,32,4,2,11865.18
1837,2024-11-19,1,13,1,11,24870.89
1838,2024-11-19,20,31,3,1,3374.22
1839,2024-11-19,8,2,3,6,5298.48
1840,2024-11-20,21,3,4,20,100047.8
1841,2024-11-20,15,39,2,17,67500.71
1842,2024-11-20,2,6,5,12,29709.0
1843,2024-11-20,25,6,3,6,5196.54
1844,2024-11-20,15,10,2,14,48428.52
1845,2024-11-20,19,5,5,12,38784.48
1846,2024-11-20,25,7,5,20,18667.0
1847,2024-11-20,19,22,2,11,37611.97
1848,2024-11-20,15,14,2,2,8066.94
1849,2024-11-21,25,38,5,4,3337.44
1850,2024-11-21,13,6,3,12,8907.24
1851,2024-11-21,23,35,6,6,16750.74
1852,2024-11-21,5,17,6,16,93448.8
1853,2024-11-21,10,18,4,8,47403.44
1854,2024-11-21,10,11,3,18,99516.6
1855,2024-11-21,16,5,3,12,46873.32
1856,2024-11-22,25,7,4,10,8426.8
1857,2024-11-22,5,40,4,11,55310.97
1858,2024-11-22,16,12,1,7,26324.83
1859,2024-11-22,23,20,3,16,36897.6
1860,2024-11-22,4,30,4,19,53961.52
1861,2024-11-22,5,2,6,13,84665.49
1862,2024-11-22,12,33,1,13,8596.64
1863,2024-11-22,21,16,3,12,54160.32
1864,2024-11-22,15,39,6,4,15119.04
1865,2024-11-23,21,35,2,9,42377.94
1866,2024-11-23,9,24,5,1,796.12
1867,2024-11-23,3,32,4,19,17899.14
1868,2024-11-23,18,5,1,17,49799.63
1869,2024-11-23,12,35,1,3,2406.09
1870,2024-11-23,16,4,3,9,36912.51
1871,2024-11-23,1,22,3,20,52611.8
1872,2024-11-23,20,7,3,17,52352.18
1873,2024-11-23,10,8,4,3,18188.79
1874,2024-11-23,25,18,1,8,7300.48
1875,2024-11-24,8,14,4,3,3159.24
1876,2024-11-24,14,34,3,10,22271.6
1877,2024-11-24,18,36,6,11,26671.7
1878,2024-11-24,24,5,2,19,85143.18
1879,2024-11-24,24,1,2,12,61227.6
1880,2024-11-24,19,36,5,7,23030.98
1881,2024-11-24,24,24,2,17,78240.8
1882,2024-11-24,12,36,2,7,5402.74
1883,2024-11-24,11,13,3,3,10932.78
1884,2024-11-25,16,4,4,18,58799.34
1885,2024-11-25,11,12,3,3,11764.68
1886,2024-11-25,13,35,2,12,9832.92
1887,2024-11-25,21,36,3,15,76036.35
1888,2024-11-25,21,10,2,17,89657.83
1889,2024-11-25,5,26,4,17,98342.28
1890,2024-11-25,2,9,6,2,5400.72
1891,2024-11-26,5,7,4,9,52001.01
1892,2024-11-26,14,34,3,14,28746.34
1893,2024-11-26,2,9,5,17,42976.17
1894,2024-11-26,12,3,3,7,5667.48
1895,2024-11-26,22,20,4,12,42375.84
1896,2024-11-26,7,8,3,11,32337.69
1897,2024-11-26,22,22,3,16,60588.32
1898,2024-11-26,8,23,6,15,15376.8
1899,2024-11-26,20,19,1,14,46062.94
1900,2024-11-26,16,40,2,5,17882.45
1901,2024-11-26,22,15,2,11,39483.62
1902,2024-11-26,6,38,3,15,9311.85
1903,2024-11-27,3,28,5,3,2818.53
1904,2024-11-27,25,6,3,18,16802.64
1905,2024-11-27,16,5,1,12,39940.68
1906,2024-11-27,13,24,3,3,2464.17
1907,2024-11-27,12,2,2,17,14760.59
1908,2024-11-27,5,33,2,3,18247.02
1909,2024-11-27,12,28,1,15,12873.0
1910,2024-11-27,5,19,5,7,45912.44
1911,2024-11-27,9,9,4,20,15468.8
1912,2024-11-27,19,32,3,5,19707.55
1913,2024-11-28,14,19,5,19,42006.53
1914,2024-11-28,21,5,2,9,39121.47
1915,2024-11-28,21,21,1,5,25401.4
1916,2024-11-28,3,34,6,5,4456.1
1917,2024-11-28,7,20,2,13,34422.44
1918,2024-11-28,2,9,1,8,20392.4
1919,2024-11-28,17,35,4,3,3661.17
1920,2024-11-28,12,21,4,4,3058.36
1921,2024-11-28,23,33,5,18,40294.98
1922,2024-11-28,2,38,3,13,39997.75
1923,2024-11-29,2,25,5,10,31219.1
1924,2024-11-29,2,35,1,18,52305.48
1925,2024-11-29,5,33,1,6,39484.32
1926,2024-11-29,13,15,6,1,814.78
1927,2024-11-29,20,28,5,4,15350.24
1928,2024-11-29,6,32,1,1,673.16
1929,2024-11-29,7,8,4,16,41001.92
1930,2024-11-29,3,15,1,19,17390.51
1931,2024-11-29,23,31,5,15,35086.8
1932,2024-11-29,3,19,4,14,14136.64
1933,2024-11-29,22,33,5,2,7541.64
1934,2024-11-30,9,8,2,16,14594.88
1935,2024-11-30,11,32,5,17,71202.46
1936,2024-11-30,19,19,4,15,63374.4
1937,2024-11-30,21,14,1,18,93149.64
1938,2024-11-30,1,7,5,8,18686.8
1939,2024-11-30,5,38,2,3,15029.4
1940,2024-11-30,3,27,5,5,4312.1
1941,2024-11-30,1,33,1,18,40775.58
1942,2024-11-30,18,27,2,14,36595.58
1943,2024-11-30,23,29,6,4,11142.6
1944,2024-12-01,25,23,3,3,2883.51
1945,2024-12-01,4,35,6,20,46006.2
1946,2024-12-01,20,30,2,6,19399.14
1947,2024-12-01,16,12,2,5,20599.95
1948,2024-12-01,11,16,4,20,77022.6
1949,2024-12-01,14,32,4,10,23631.9
1950,2024-12-01,1,31,4,14,32083.24
1951,2024-12-02,22,14,3,16,66974.56
1952,2024-12-02,10,11,2,18,101381.04
1953,2024-12-02,3,10,1,3,2457.96
1954,2024-12-02,17,18,5,5,4663.2
1955,2024-12-02,11,13,4,6,24092.46
1956,2024-12-02,18,8,1,8,23165.52
1957,2024-12-02,22,39,1,17,56800.74
1958,2024-12-02,18,40,2,15,37481.55
1959,2024-12-02,25,27,2,20,19144.0
1960,2024-12-03,3,27,1,5,3914.0
1961,2024-12-03,10,33,5,15,96699.15
1962,2024-12-03,24,18,1,1,5487.82
1963,2024-12-03,20,5,5,13,40799.2
1964,2024-12-03,23,11,1,5,11676.05
1965,2024-12-03,11,36,1,12,51455.52
1966,2024-12-03,5,4,2,7,35491.61
1967,2024-12-03,7,8,2,9,22496.49
1968,2024-12-04,16,8,4,5,17865.2
1969,2024-12-04,25,11,4,17,17725.9
1970,2024-12-04,3,34,2,8,7289.84
1971,2024-12-04,6,15,6,7,4589.55
1972,2024-12-04,7,21,1,11,33046.75
1973,2024-12-04,25,24,1,12,11632.32
1974,2024-12-04,12,16,6,10,7631.6
1975,2024-12-04,13,38,3,19,15029.95
1976,2024-12-04,5,2,2,8,43560.0
1977,2024-12-05,21,6,3,18,84035.52
1978,2024-12-05,1,36,6,16,37909.76
1979,2024-12-05,25,10,3,3,3251.31
1980,2024-12-05,19,11,2,9,33737.58
1981,2024-12-05,15,1,6,20,69642.2
1982,2024-12-05,9,1,6,9,7466.13
1983,2024-12-05,21,32,4,4,21168.56
1984,2024-12-05,22,36,5,10,38939.1
1985,2024-12-05,15,32,2,3,9845.67
1986,2024-12-05,10,26,1,9,57201.93
1987,2024-12-06,8,13,4,2,2174.96
1988,2024-12-06,13,34,6,11,8354.94
1989,2024-12-06,13,33,5,20,14874.2
1990,2024-12-06,7,11,3,9,26150.94
1991,2024-12-06,23,33,6,9,24467.31
1992,2024-12-06,19,1,4,6,23641.32
1993,2024-12-06,10,30,1,14,76856.64
1994,2024-12-06,3,10,1,10,8319.9
1995,2024-12-06,10,9,3,20,130081.2
1996,2024-12-06,17,29,6,14,14472.36
1997,2024-12-06,18,8,1,12,33350.64
1998,2024-12-06,1,5,2,9,20711.16
1999,2024-12-06,18,21,5,7,19838.7
2000,2024-12-07,3,38,2,2,1936.06
2001,2024-12-07,23,21,6,11,26169.88
2002,2024-12-07,15,6,2,19,62495.56
2003,2024-12-07,16,3,1,3,9656.64
2004,2024-12-07,15,9,3,5,16906.3
2005,2024-12-07,24,37,1,11,60160.21
2006,2024-12-07,20,39,3,18,58623.12
2007,2024-12-07,10,21,6,10,62624.0
2008,2024-12-07,25,38,5,4,3452.96
2009,2024-12-07,4,23,6,10,26765.2
2010,2024-12-07,25,18,5,3,2527.86
2011,2024-12-08,15,38,6,5,18312.95
2012,2024-12-08,15,12,6,10,33983.3
2013,2024-12-08,4,16,2,18,51541.92
2014,2024-12-08,23,35,3,12,26678.52
2015,2024-12-08,10,16,2,10,59935.2
2016,2024-12-08,17,31,5,1,1103.92
2017,2024-12-08,22,33,3,5,21216.7
2018,2024-12-08,3,7,5,5,3990.3
2019,2024-12-09,2,16,6,20,60291.2
2020,2024-12-09,20,26,1,10,29906.4
2021,2024-12-09,16,24,2,2,6665.22
2022,2024-12-09,5,28,6,2,11828.04
2023,2024-12-09,5,15,4,10,60582.3
2024,2024-12-09,16,40,2,7,25313.26
2025,2024-12-09,2,33,2,11,33872.08
2026,2024-12-09,19,36,5,20,75061.0
2027,2024-12-10,7,34,6,15,37468.05
2028,2024-12-10,24,33,6,5,23388.95
2029,2024-12-10,19,33,6,19,62512.28
2030,2024-12-10,15,3,6,1,3639.58
2031,2024-12-10,14,27,3,4,9243.72
2032,2024-12-10,10,19,4,12,66070.44
2033,2024-12-10,8,33,3,10,9642.9
2034,2024-12-10,6,25,5,10,7815.8
2035,2024-12-10,4,31,5,11,30229.98
2036,2024-12-11,14,30,6,15,31016.55
2037,2024-12-11,14,24,2,13,31424.77
2038,2024-12-11,12,13,3,5,3271.0
2039,2024-12-11,11,32,2,6,24100.2
2040,2024-12-11,23,21,6,14,33282.62
2041,2024-12-11,1,14,6,11,24298.45
2042,2024-12-11,25,16,6,10,10579.0
2043,2024-12-11,13,2,5,5,3190.2
2044,2024-12-11,8,28,6,2,1762.66
2045,2024-12-11,24,5,2,5,26371.35
2046,2024-12-11,24,16,1,6,27809.34
2047,2024-12-12,3,12,1,7,5704.72
2048,2024-12-12,3,5,2,10,8058.9
2049,2024-12-12,22,40,3,5,17129.9
2050,2024-12-12,4,22,6,1,2636.34
2051,2024-12-12,2,9,5,2,4911.1
2052,2024-12-12,24,14,6,7,34454.63
2053,2024-12-12,23,3,5,4,9300.96
2054,2024-12-12,15,35,6,9,29430.0
2055,2024-12-12,22,3,4,1,3548.86
2056,2024-12-12,21,1,2,12,63358.68
2057,2024-12-12,19,9,6,12,50031.84
2058,2024-12-12,14,32,1,17,36279.7
2059,2024-12-13,7,14,3,18,52313.04
2060,2024-12-13,13,20,6,1,684.7
2061,2024-12-13,7,33,2,15,40205.4
2062,2024-12-13,3,7,4,17,13976.89
2063,2024-12-13,15,39,4,6,24330.6
2064,2024-12-13,21,8,1,3,14345.1
2065,2024-12-13,19,20,6,6,21953.46
2066,2024-12-13,5,39,2,18,105998.76
2067,2024-12-13,5,9,2,19,111955.6
2068,2024-12-13,3,39,3,9,8523.81
2069,2024-12-14,10,6,3,13,87038.25
2070,2024-12-14,25,21,5,2,1634.9
2071,2024-12-14,3,6,1,10,8738.9
2072,2024-12-14,17,8,6,19,22108.4
2073,2024-12-14,25,14,2,18,16322.04
2074,2024-12-14,6,10,6,8,6117.6
2075,2024-12-14,12,25,4,18,12458.7
2076,2024-12-14,24,4,1,1,4488.14
2077,2024-12-14,4,12,1,5,14629.4
2078,2024-12-14,10,34,2,19,114726.56
2079,2024-12-14,1,13,4,17,35649.34
2080,2024-12-14,2,24,1,3,8508.18
2081,2024-12-14,20,38,5,6,17759.94
2082,2024-12-14,18,8,2,1,2852.28
2083,2024-12-14,18,17,6,17,43101.63
2084,2024-12-14,1,28,3,20,46764.6
2085,2024-12-14,17,37,4,18,18645.3
2086,2024-12-15,3,7,4,14,11204.48
2087,2024-12-15,17,26,6,19,21865.2
2088,2024-12-15,1,13,2,13,26806.0
2089,2024-12-15,20,13,2,8,23199.44
2090,2024-12-15,10,8,1,12,80743.2
2091,2024-12-15,3,40,1,4,4038.96
2092,2024-12-16,1,21,3,2,4299.54
2093,2024-12-16,5,34,4,1,5086.42
2094,2024-12-16,20,12,5,17,60273.67
2095,2024-12-16,12,22,6,7,4954.25
2096,2024-12-16,15,40,1,14,57241.52
2097,2024-12-16,8,12,4,3,3063.51
2098,2024-12-16,12,37,6,18,15177.06
2099,2024-12-16,23,1,5,15,38612.55
2100,2024-12-16,10,3,4,7,45893.47
2101,2024-12-16,21,35,2,11,51276.39
2102,2024-12-16,17,34,2,12,12580.44
2103,2024-12-16,17,32,3,19,19565.44
2104,2024-12-17,25,3,5,14,13762.28
2105,2024-12-17,7,4,1,5,14912.85
2106,2024-12-17,6,28,3,13,9533.94
2107,2024-12-17,2,38,2,20,51621.8
2108,2024-12-17,8,1,5,11,12350.91
2109,2024-12-17,23,27,3,19,43479.03
2110,2024-12-17,1,32,3,12,27561.96
2111,2024-12-17,7,12,2,11,33757.24
2112,2024-12-17,11,8,4,16,58944.0
2113,2024-12-18,16,39,6,4,14750.44
2114,2024-12-18,13,7,6,18,13376.16
2115,2024-12-18,25,11,5,12,11456.28
2116,2024-12-18,2,31,3,14,35416.08
2117,2024-12-18,6,21,3,5,3742.4
2118,2024-12-18,20,16,1,11,31929.92
2119,2024-12-18,10,37,2,11,58437.72
2120,2024-12-18,2,12,1,16,43375.68
2121,2024-12-18,15,37,5,8,28319.68
2122,2024-12-18,5,5,6,4,21680.8
2123,2024-12-19,25,10,4,16,13128.64
2124,2024-12-19,7,20,6,9,29757.06
2125,2024-12-19,15,13,5,20,81691.6
2126,2024-12-19,2,1,1,11,34311.31
2127,2024-12-19,16,12,4,4,13410.04
2128,2024-12-19,1,13,5,2,4947.94
2129,2024-12-19,20,22,3,16,61143.84
2130,2024-12-19,4,5,5,9,26253.99
2131,2024-12-19,23,33,5,2,5397.36
2132,2024-12-19,8,15,2,2,2057.16
2133,2024-12-20,15,36,1,16,51757.12
2134,2024-12-20,9,23,5,15,11422.35
2135,2024-12-20,22,29,6,18,68662.8
2136,2024-12-20,14,4,4,8,16577.6
2137,2024-12-20,10,12,6,7,38376.38
2138,2024-12-20,9,5,6,5,3886.25
2139,2024-12-20,23,9,4,11,29584.17
2140,2024-12-20,5,25,6,14,91883.96
2141,2024-12-20,17,19,1,5,5407.05
2142,2024-12-20,2,6,4,18,53023.5
2143,2024-12-20,15,2,2,1,3251.54
2144,2024-12-20,18,15,5,9,23940.81
2145,2024-12-21,16,32,5,1,3723.81
2146,2024-12-21,3,33,3,13,12147.59
2147,2024-12-21,18,10,6,8,23198.24
2148,2024-12-21,14,8,3,4,7786.4
2149,2024-12-21,9,26,1,14,12390.14
2150,2024-12-21,17,4,3,8,9277.6
2151,2024-12-21,18,22,5,19,43510.95
2152,2024-12-21,20,1,3,11,35766.61
2153,2024-12-21,6,25,3,17,12210.93
2154,2024-12-21,25,40,6,10,9208.6
2155,2024-12-21,16,15,5,5,17849.2
2156,2024-12-22,1,37,1,9,20542.41
2157,2024-12-22,10,30,3,7,43000.09
2158,2024-12-22,1,22,6,3,6566.22
2159,2024-12-22,5,9,3,6,31948.56
2160,2024-12-22,19,34,2,11,43598.5
2161,2024-12-22,25,6,4,9,8845.2
2162,2024-12-22,22,20,4,16,62825.6
2163,2024-12-22,12,40,1,1,702.73
2164,2024-12-22,16,30,6,6,22078.92
2165,2024-12-22,16,30,6,12,39860.04
2166,2024-12-23,7,18,4,11,27929.44
2167,2024-12-23,20,5,5,10,33409.4
2168,2024-12-23,2,11,4,12,34128.72
2169,2024-12-23,5,11,5,12,63840.24
2170,2024-12-23,15,34,1,10,37108.8
2171,2024-12-23,22,28,3,1,3351.07
2172,2024-12-23,16,15,3,5,16775.4
2173,2024-12-23,15,9,4,3,10623.24
2174,2024-12-23,20,19,2,5,18670.8
2175,2024-12-23,6,3,1,5,3851.65
2176,2024-12-24,4,21,3,10,28227.3
2177,2024-12-24,1,40,3,10,25166.7
2178,2024-12-24,12,26,3,19,13761.13
2179,2024-12-24,8,28,5,7,8001.98
2180,2024-12-24,15,10,4,16,54839.68
2181,2024-12-24,8,28,6,4,3890.68
2182,2024-12-24,12,10,6,12,9672.36
2183,2024-12-24,18,22,5,13,31217.68
2184,2024-12-24,10,10,1,12,77616.0
2185,2024-12-25,10,2,6,15,101002.95
2186,2024-12-25,12,22,4,1,799.14
2187,2024-12-25,3,31,5,5,4896.5
2188,2024-12-25,6,31,5,14,9658.46
2189,2024-12-25,16,14,4,16,56975.84
2190,2024-12-25,22,7,4,13,43371.38
2191,2024-12-25,12,37,1,14,11858.0
2192,2024-12-25,25,34,1,18,16035.66
2193,2024-12-26,7,3,4,12,37136.64
2194,2024-12-26,14,35,2,20,38487.4
2195,2024-12-26,24,30,5,7,36805.37
2196,2024-12-26,12,28,4,16,13244.48
2197,2024-12-26,21,12,2,8,45460.4
2198,2024-12-26,25,39,5,2,1834.52
2199,2024-12-26,21,13,3,11,51887.66
2200,2024-12-26,16,7,3,19,73918.17
2201,2024-12-26,8,2,5,1,946.81
2202,2024-12-26,3,25,4,8,7832.72
2203,2024-12-26,13,16,3,13,9524.71
2204,2024-12-26,14,22,2,10,20778.0
2205,2024-12-26,14,4,2,7,16624.09
2206,2024-12-27,3,36,3,18,16140.96
2207,2024-12-27,25,25,4,5,5254.9
2208,2024-12-27,8,34,6,9,8043.12
2209,2024-12-27,17,12,1,15,17163.0
2210,2024-12-27,25,18,2,12,12057.96
2211,2024-12-27,2,17,5,18,43531.92
2212,2024-12-27,24,13,6,12,68962.44
2213,2024-12-27,21,38,1,13,59381.27
2214,2024-12-28,22,28,1,18,73419.84
2215,2024-12-28,17,27,3,14,15522.08
2216,2024-12-28,8,1,5,14,14401.94
2217,2024-12-28,6,9,4,14,11042.64
2218,2024-12-28,7,7,1,10,26559.8
2219,2024-12-28,4,34,6,10,24308.2
2220,2024-12-28,6,24,1,15,9740.25
2221,2024-12-29,21,35,2,11,52721.57
2222,2024-12-29,10,32,6,2,11728.3
2223,2024-12-29,4,21,6,5,14303.7
2224,2024-12-29,11,10,6,3,10764.3
2225,2024-12-29,4,4,1,6,15186.0
2226,2024-12-29,12,30,5,2,1701.2
2227,2024-12-29,11,32,4,17,65295.98
2228,2024-12-29,10,35,3,13,79326.13
2229,2024-12-29,12,26,2,11,8216.34
2230,2024-12-30,24,15,3,7,37235.38
2231,2024-12-30,4,16,1,19,50826.33
2232,2024-12-30,20,16,6,16,56048.0
2233,2024-12-30,21,36,3,8,39824.32
2234,2024-12-30,11,30,6,9,33473.79
2235,2024-12-30,7,32,1,15,45202.65
2236,2024-12-30,25,20,5,13,12441.26
2237,2024-12-30,16,33,4,19,61921.95
2238,2024-12-30,24,17,4,16,87322.56
2239,2024-12-30,9,4,6,10,8397.8
2240,2024-12-30,8,5,5,16,17712.96
2241,2024-12-30,25,7,6,3,2537.25
2242,2024-12-30,16,7,5,15,54643.05
2243,2024-12-31,11,38,1,7,27129.13
2244,2024-12-31,15,17,4,4,15812.52
2245,2024-12-31,17,38,1,2,2172.8
2246,2024-12-31,8,11,1,7,6903.89
2247,2024-12-31,4,8,6,18,48221.46
2248,2024-12-31,7,38,1,20,61780.6
2249,2024-12-31,3,25,2,11,11019.58
2250,2024-12-31,25,12,5,1,841.06
2251,2024-12-31,11,33,1,15,54909.0
2252,2024-12-31,17,4,1,9,9286.11
2253,2024-12-31,5,30,2,13,84753.37
2254,2024-12-31,4,21,5,17,49013.89
2255,2025-01-01,3,31,2,5,4664.75
2256,2025-01-01,20,22,4,18,67621.86
2257,2025-01-01,2,9,4,17,47003.13
2258,2025-01-01,2,17,2,9,22103.82
2259,2025-01-01,17,11,3,5,6037.8
2260,2025-01-01,7,15,6,12,36486.12
2261,2025-01-01,3,24,3,14,12589.22
2262,2025-01-01,10,33,3,5,29290.1
2263,2025-01-01,20,19,1,2,6979.78
2264,2025-01-01,22,19,3,5,19953.6
2265,2025-01-01,25,21,5,14,11842.6
2266,2025-01-01,10,25,5,4,26924.2
2267,2025-01-01,23,2,6,4,10990.76
2268,2025-01-02,13,7,4,6,4073.1
2269,2025-01-02,3,7,3,10,9059.0
2270,2025-01-02,13,28,1,14,9557.38
2271,2025-01-02,6,36,3,14,10847.2
2272,2025-01-02,20,20,6,11,32217.13
2273,2025-01-02,2,18,2,5,14363.85
2274,2025-01-02,17,6,3,4,4064.8
2275,2025-01-02,20,39,5,9,29491.02
2276,2025-01-02,15,31,5,2,6840.62
2277,2025-01-02,10,35,1,7,44946.51
2278,2025-01-02,8,8,2,2,2088.5
2279,2025-01-03,13,5,4,1,812.57
2280,2025-01-03,17,39,1,18,17194.5
2281,2025-01-03,19,24,2,2,8026.7
2282,2025-01-03,25,11,2,15,15001.65
2283,2025-01-03,22,35,4,10,38550.6
2284,2025-01-03,23,27,6,3,7753.14
2285,2025-01-03,5,30,2,12,60911.76
2286,2025-01-04,18,22,6,16,42814.56
2287,2025-01-04,2,7,2,7,19061.14
2288,2025-01-04,21,13,6,17,88516.45
2289,2025-01-04,17,12,5,18,18711.72
2290,2025-01-04,16,40,6,13,53250.21
2291,2025-01-04,8,4,5,11,10664.61
2292,2025-01-04,16,28,1,17,63777.2
2293,2025-01-05,25,26,4,15,15110.25
2294,2025-01-05,16,26,3,2,7310.02
2295,2025-01-05,7,17,3,11,28730.24
2296,2025-01-05,12,34,5,17,14793.57
2297,2025-01-05,7,37,1,11,36559.38
2298,2025-01-05,19,32,2,5,19888.1
2299,2025-01-05,13,18,4,2,1534.48
2300,2025-01-05,6,20,1,18,12465.54
2301,2025-01-05,1,27,6,11,22790.35
2302,2025-01-05,11,12,4,11,44538.01
2303,2025-01-05,9,40,6,6,4404.96
2304,2025-01-06,1,30,1,12,29862.12
2305,2025-01-06,17,28,3,4,4749.0
2306,2025-01-06,14,27,2,19,43558.64
2307,2025-01-06,25,39,1,19,16282.81
2308,2025-01-06,8,18,6,5,5444.4
2309,2025-01-06,25,38,1,11,10964.03
2310,2025-01-06,24,22,5,12,57009.96
2311,2025-01-07,5,34,2,6,31839.18
2312,2025-01-07,6,4,5,6,3898.2
2313,2025-01-07,20,35,6,16,52241.28
2314,2025-01-07,22,2,2,3,11566.5
2315,2025-01-07,18,39,2,12,28409.28
2316,2025-01-07,13,6,5,12,9367.8
2317,2025-01-07,7,32,4,13,36228.01
2318,2025-01-07,9,35,3,11,10183.8
2319,2025-01-08,4,7,5,9,26050.77
2320,2025-01-08,1,40,4,14,34676.32
2321,2025-01-08,23,37,1,15,38061.3
2322,2025-01-08,1,13,2,11,29228.21
2323,2025-01-08,3,1,2,13,10235.81
2324,2025-01-08,14,4,2,7,15552.67
2325,2025-01-08,1,17,4,19,42108.94
2326,2025-01-08,13,12,3,6,4357.32
2327,2025-01-08,21,16,4,12,58950.12
2328,2025-01-08,9,12,3,17,12630.15
2329,2025-01-08,19,25,4,2,6946.04
2330,2025-01-08,18,12,6,2,5080.54
2331,2025-01-08,5,15,1,3,16161.96
2332,2025-01-09,7,13,6,14,44367.26
2333,2025-01-09,11,5,5,2,7266.02
2334,2025-01-09,22,21,5,12,45145.68
2335,2025-01-09,23,20,2,19,45347.68
2336,2025-01-09,13,30,5,11,8585.17
2337,2025-01-09,15,22,4,4,15842.08
2338,2025-01-09,23,12,4,3,7290.78
2339,2025-01-09,9,31,4,17,14775.55
2340,2025-01-09,14,12,3,3,6189.96
2341,2025-01-09,22,29,1,15,58090.35
2342,2025-01-10,8,30,3,1,1072.11
2343,2025-01-10,18,1,3,17,51124.61
2344,2025-01-10,13,4,1,19,14271.09
2345,2025-01-10,5,18,5,5,25605.5
2346,2025-01-11,10,6,1,15,81461.7
2347,2025-01-11,14,1,3,4,9727.0
2348,2025-01-11,1,23,1,12,30277.32
2349,2025-01-11,4,17,5,19,43714.82
2350,2025-01-11,12,7,4,3,2248.47
2351,2025-01-11,9,15,3,3,2247.33
2352,2025-01-11,14,7,1,13,29941.34
2353,2025-01-12,21,8,2,5,26334.9
2354,2025-01-12,14,34,3,11,22148.39
2355,2025-01-12,12,24,3,18,13353.84
2356,2025-01-12,8,29,3,20,21125.0
2357,2025-01-12,6,34,6,15,10375.2
2358,2025-01-12,12,29,3,6,4476.48
2359,2025-01-12,25,11,5,12,11423.04
2360,2025-01-12,13,6,6,11,7484.62
2361,2025-01-12,8,40,2,8,8161.12
2362,2025-01-12,5,3,3,3,18963.36
2363,2025-01-13,23,33,6,11,27314.21
2364,2025-01-13,4,1,4,2,5035.54
2365,2025-01-13,22,20,1,14,55919.92
2366,2025-01-13,12,39,6,7,5834.15
2367,2025-01-13,15,2,4,14,55128.08
2368,2025-01-13,13,40,3,9,6566.58
2369,2025-01-13,10,26,4,20,125854.4
2370,2025-01-14,1,29,4,4,8434.44
2371,2025-01-14,15,7,6,15,51124.35
2372,2025-01-14,1,4,4,16,42023.04
2373,2025-01-14,11,34,2,16,53638.88
2374,2025-01-14,24,28,1,10,53047.3
2375,2025-01-14,10,15,2,4,23532.84
2376,2025-01-14,1,31,2,9,19873.8
2377,2025-01-14,25,4,4,1,994.74
2378,2025-01-14,21,7,1,20,100516.0
2379,2025-01-15,16,6,4,16,61466.72
2380,2025-01-15,21,26,4,1,4302.1
2381,2025-01-15,25,33,4,15,12741.3
2382,2025-01-15,22,10,1,18,68500.8
2383,2025-01-15,23,39,1,6,14002.26
2384,2025-01-15,17,8,5,10,11414.0
2385,2025-01-15,2,12,6,11,33754.82
2386,2025-01-16,18,7,6,13,31087.81
2387,2025-01-16,8,29,1,14,15320.76
2388,2025-01-16,15,10,6,4,15384.08
2389,2025-01-16,12,15,2,11,8897.24
2390,2025-01-16,9,29,2,4,3530.76
2391,2025-01-16,7,5,2,15,38785.2
2392,2025-01-16,8,6,2,2,1786.1
2393,2025-01-16,23,4,4,9,23529.24
2394,2025-01-17,17,4,4,8,8071.36
2395,2025-01-17,23,23,4,17,38962.13
2396,2025-01-17,2,20,5,5,14992.85
2397,2025-01-17,14,32,2,17,33108.01
2398,2025-01-17,16,19,3,13,54711.28
2399,2025-01-17,14,27,6,7,13859.86
2400,2025-01-18,8,18,5,10,10654.7
2401,2025-01-18,14,16,3,12,25697.4
2402,2025-01-18,23,11,4,12,34712.76
2403,2025-01-18,1,36,5,15,35634.3
2404,2025-01-18,8,16,1,9,9111.42
2405,2025-01-19,12,35,4,11,9393.89
2406,2025-01-19,21,18,2,4,20606.08
2407,2025-01-19,5,29,2,17,95863.85
2408,2025-01-19,10,7,3,15,102263.25
2409,2025-01-19,17,22,2,18,16746.3
2410,2025-01-19,21,36,4,12,58674.48
2411,2025-01-19,24,25,2,19,99058.78
2412,2025-01-19,5,21,6,11,61036.36
2413,2025-01-19,1,34,4,15,38116.2
2414,2025-01-19,7,9,5,1,2549.04
2415,2025-01-20,23,29,5,18,40339.98
2416,2025-01-20,14,27,4,11,26200.13
2417,2025-01-20,11,14,4,17,63974.57
2418,2025-01-20,21,24,5,17,96963.41
2419,2025-01-20,12,38,2,18,13683.24
2420,2025-01-20,14,37,6,15,36433.5
2421,2025-01-20,18,37,6,17,39830.83
2422,2025-01-20,8,19,3,8,7447.68
2423,2025-01-21,2,34,5,1,3042.91
2424,2025-01-21,8,36,2,10,9460.0
2425,2025-01-21,24,5,2,17,78752.33
2426,2025-01-21,8,19,6,12,11680.8
2427,2025-01-21,25,12,2,12,12008.16
2428,2025-01-21,14,20,2,20,39875.0
2429,2025-01-22,25,36,5,8,6811.92
2430,2025-01-22,6,14,2,17,12313.1
2431,2025-01-22,24,25,1,7,36880.9
2432,2025-01-22,23,14,6,18,48818.16
2433,2025-01-22,11,15,5,14,47667.48
2434,2025-01-22,12,16,2,16,11108.64
2435,2025-01-22,16,16,1,15,50365.95
2436,2025-01-23,20,26,3,7,22937.53
2437,2025-01-23,13,10,1,16,11844.48
2438,2025-01-23,4,19,4,11,27546.86
2439,2025-01-23,12,9,1,13,10015.46
2440,2025-01-23,14,15,2,9,21208.05
2441,2025-01-23,2,35,5,8,19842.24
2442,2025-01-23,12,15,5,8,6461.12
2443,2025-01-23,20,9,6,15,49287.15
2444,2025-01-24,25,11,5,6,5183.22
2445,2025-01-24,14,39,2,15,28314.45
2446,2025-01-24,11,37,1,15,55409.55
2447,2025-01-24,12,8,4,9,6680.97
2448,2025-01-24,14,10,3,5,9352.95
2449,2025-01-24,8,36,4,8,7224.56
2450,2025-01-24,25,36,4,5,4111.35
2451,2025-01-24,14,11,3,14,28796.04
2452,2025-01-25,9,9,4,2,1789.64
2453,2025-01-25,6,33,1,10,6450.7
2454,2025-01-25,17,7,2,18,20574.54
2455,2025-01-25,14,17,2,9,21105.45
2456,2025-01-25,2,27,2,16,49092.64
2457,2025-01-25,16,7,1,19,75131.7
2458,2025-01-25,23,30,2,18,45053.82
2459,2025-01-25,21,23,5,14,78363.46
2460,2025-01-26,19,38,1,8,34033.12
2461,2025-01-26,10,3,1,20,105975.2
2462,2025-01-26,13,35,4,14,11454.66
2463,2025-01-26,19,39,4,10,41754.5
2464,2025-01-26,4,39,5,4,11523.96
2465,2025-01-26,13,28,2,9,6791.4
2466,2025-01-26,20,27,5,16,47840.32
2467,2025-01-27,12,40,5,1,775.79
2468,2025-01-27,14,28,6,8,17302.64
2469,2025-01-27,20,12,5,7,24787.63
2470,2025-01-27,11,35,2,5,18176.9
2471,2025-01-28,14,16,5,2,4219.84
2472,2025-01-28,25,13,6,13,12703.99
2473,2025-01-28,2,23,6,12,33635.28
2474,2025-01-28,13,23,3,19,13713.63
2475,2025-01-28,19,19,4,19,72843.72
2476,2025-01-28,9,13,4,16,12326.72
2477,2025-01-28,23,8,1,1,2480.19
2478,2025-01-28,20,36,1,17,54552.83
2479,2025-01-29,2,33,1,11,33286.66
2480,2025-01-29,23,31,1,8,21429.92
2481,2025-01-29,10,1,1,15,79396.5
2482,2025-01-29,20,24,3,15,53678.25
2483,2025-01-29,8,18,2,19,21215.21
2484,2025-01-29,25,14,4,20,21256.0
2485,2025-01-29,15,28,3,19,65748.36
2486,2025-01-29,15,18,5,9,29511.27
2487,2025-01-30,9,5,5,9,6670.26
2488,2025-01-30,14,35,1,10,20491.0
2489,2025-01-30,20,2,3,15,57094.8
2490,2025-01-30,19,19,6,15,56757.45
2491,2025-01-30,10,22,2,10,63496.7
2492,2025-01-30,4,37,4,9,24800.85
2493,2025-01-30,11,24,5,7,30006.76
2494,2025-01-30,1,2,2,1,2436.2
2495,2025-01-31,16,35,4,11,42507.19
2496,2025-01-31,7,11,1,16,51053.12
2497,2025-01-31,16,15,4,12,39500.4
2498,2025-01-31,25,15,3,3,2578.38
2499,2025-01-31,15,22,3,18,59460.12
2500,2025-01-31,1,7,5,13,33246.85
2501,2025-01-31,7,18,3,20,65373.8
2502,2025-01-31,18,10,5,20,51004.2
2503,2025-02-01,14,21,6,11,25812.05
2504,2025-02-01,12,25,1,14,11194.12
2505,2025-02-01,23,15,5,14,34583.92
2506,2025-02-01,4,11,3,3,7929.69
2507,2025-02-01,10,24,5,9,50823.54
2508,2025-02-01,14,36,5,16,34823.36
2509,2025-02-01,13,34,6,1,754.09
2510,2025-02-01,17,12,6,20,20548.2
2511,2025-02-02,10,27,1,2,10413.96
2512,2025-02-02,19,33,4,4,13933.72
2513,2025-02-02,10,20,6,20,103518.4
2514,2025-02-02,20,17,2,4,14936.24
2515,2025-02-02,24,15,3,13,63870.3
2516,2025-02-02,2,17,6,15,37072.95
2517,2025-02-02,13,20,4,2,1636.82
2518,2025-02-02,11,21,1,8,34844.4
2519,2025-02-02,8,34,3,7,6662.39
2520,2025-02-03,20,11,1,20,60487.6
2521,2025-02-03,8,38,4,9,8610.12
2522,2025-02-03,13,4,6,18,11754.0
2523,2025-02-03,7,33,5,20,59675.4
2524,2025-02-03,20,2,4,1,3158.88
2525,2025-02-03,19,32,4,20,71841.4
2526,2025-02-03,7,17,4,11,28262.74
2527,2025-02-03,21,38,4,18,90782.28
2528,2025-02-03,22,32,6,12,46383.84
2529,2025-02-04,10,15,5,12,71809.92
2530,2025-02-04,10,27,4,10,54433.4
2531,2025-02-04,6,31,5,14,8642.62
2532,2025-02-04,19,13,2,3,10001.1
2533,2025-02-04,2,3,6,2,5024.34
2534,2025-02-04,17,5,5,14,12968.76
2535,2025-02-04,2,33,5,5,12098.5
2536,2025-02-04,12,17,3,19,14243.73
2537,2025-02-04,5,39,4,17,102254.15
2538,2025-02-05,11,15,6,3,10954.35
2539,2025-02-05,14,17,4,1,2098.66
2540,2025-02-05,6,25,5,1,607.85
2541,2025-02-05,23,19,4,8,18199.52
2542,2025-02-05,16,11,5,11,35535.5
2543,2025-02-05,13,15,5,9,6091.11
2544,2025-02-05,21,4,2,18,99642.42
2545,2025-02-06,14,5,2,20,39711.8
2546,2025-02-06,11,10,1,10,35655.8
2547,2025-02-06,21,8,3,4,18481.32
2548,2025-02-06,13,25,3,17,11560.85
2549,2025-02-06,14,32,5,17,41006.55
2550,2025-02-06,22,28,1,17,73739.71
2551,2025-02-06,9,11,2,10,8194.4
2552,2025-02-06,9,19,5,7,5015.08
2553,2025-02-07,11,29,4,17,59082.82
2554,2025-02-07,17,16,3,17,16301.64
2555,2025-02-07,5,20,2,12,76766.28
2556,2025-02-07,6,38,1,8,5412.72
2557,2025-02-07,6,32,1,17,10723.6
2558,2025-02-07,3,38,1,8,8122.64
2559,2025-02-07,17,35,4,8,8349.12
2560,2025-02-07,9,23,2,19,14124.79
2561,2025-02-07,3,20,4,2,1912.94
2562,2025-02-07,17,21,2,5,5867.35
2563,2025-02-07,2,29,5,7,21864.85
2564,2025-02-08,19,22,3,3,12089.91
2565,2025-02-08,8,23,3,13,12764.96
2566,2025-02-08,14,35,5,6,14058.6
2567,2025-02-08,4,30,6,10,26900.0
2568,2025-02-08,17,37,3,15,15826.65
2569,2025-02-08,5,34,1,10,61787.2
2570,2025-02-08,10,26,6,17,102034.0
2571,2025-02-08,25,18,4,8,8558.0
2572,2025-02-09,21,22,4,9,50117.31
2573,2025-02-09,1,34,4,13,27643.72
2574,2025-02-09,1,21,6,9,18777.24
2575,2025-02-09,13,9,6,20,13440.4
2576,2025-02-09,19,33,4,18,76735.26
2577,2025-02-09,12,40,1,7,5948.88
2578,2025-02-09,11,10,1,4,15998.84
2579,2025-02-09,7,14,6,15,45549.6
2580,2025-02-10,14,25,5,20,47695.0
2581,2025-02-10,7,12,3,15,40031.1
2582,2025-02-10,8,29,3,4,4126.12
2583,2025-02-10,13,28,6,13,9962.55
2584,2025-02-10,11,15,2,15,63757.95
2585,2025-02-10,22,15,6,5,19213.85
2586,2025-02-10,17,8,2,4,4893.6
2587,2025-02-11,18,17,6,20,52903.4
2588,2025-02-11,3,25,5,20,17404.4
2589,2025-02-11,3,40,3,15,12314.25
2590,2025-02-11,21,27,4,5,25666.55
2591,2025-02-11,12,35,3,14,10779.86
2592,2025-02-11,22,30,4,12,52697.04
2593,2025-02-11,20,29,1,14,45829.42
2594,2025-02-11,1,37,2,16,36632.32
2595,2025-02-11,3,33,5,17,15941.41
2596,2025-02-12,20,14,2,14,50894.2
2597,2025-02-12,1,35,4,19,50771.04
2598,2025-02-12,12,16,2,13,9801.22
2599,2025-02-12,3,18,4,11,10862.17
2600,2025-02-12,19,9,5,14,52052.0
2601,2025-02-12,24,21,4,18,86114.7
2602,2025-02-12,9,6,1,12,8710.44
2603,2025-02-12,22,20,1,18,63445.5
2604,2025-02-12,17,20,5,3,2849.58
2605,2025-02-12,7,39,2,15,46685.1
2606,2025-02-12,5,30,5,4,22339.64
2607,2025-02-13,11,23,3,8,29531.28
2608,2025-02-13,7,25,6,10,32201.5
2609,2025-02-13,18,40,2,2,5755.3
2610,2025-02-13,17,22,5,20,23541.8
2611,2025-02-13,5,10,5,1,4959.75
2612,2025-02-13,22,23,3,2,8516.3
2613,2025-02-13,11,10,1,19,62515.89
2614,2025-02-13,4,5,6,16,47486.88
2615,2025-02-14,2,34,4,8,22672.8
2616,2025-02-14,1,18,2,10,21800.5
2617,2025-02-14,10,29,4,10,59099.0
2618,2025-02-14,10,5,3,18,93327.48
2619,2025-02-14,24,3,5,14,64089.2
2620,2025-02-14,22,11,1,6,21878.04
2621,2025-02-14,8,37,5,3,3314.34
2622,2025-02-15,9,33,3,10,7669.9
2623,2025-02-15,11,7,5,7,27461.42
2624,2025-02-15,1,17,2,7,15973.37
2625,2025-02-15,17,15,1,15,13820.25
2626,2025-02-15,19,36,4,4,14853.28
2627,2025-02-15,12,33,4,17,12161.8
2628,2025-02-15,2,21,2,17,50478.61
2629,2025-02-15,20,6,4,15,47098.8
2630,2025-02-15,10,1,1,8,47237.36
2631,2025-02-16,13,14,3,2,1290.8
2632,2025-02-16,14,39,2,20,44267.2
2633,2025-02-16,3,21,6,17,17304.64
2634,2025-02-16,24,9,2,19,101928.92
2635,2025-02-16,14,3,1,8,17326.88
2636,2025-02-16,25,37,1,3,2524.71
2637,2025-02-16,9,8,5,12,8859.6
2638,2025-02-16,24,18,4,20,108343.4
2639,2025-02-16,3,26,5,13,10315.63
2640,2025-02-16,18,15,6,13,36115.3
2641,2025-02-17,9,28,3,6,5486.22
2642,2025-02-17,2,15,2,5,13742.0
2643,2025-02-17,9,9,3,11,7892.61
2644,2025-02-17,1,20,3,5,10651.5
2645,2025-02-17,5,16,2,14,82680.64
2646,2025-02-17,23,28,5,14,33382.72
2647,2025-02-17,23,28,2,20,47814.8
2648,2025-02-17,22,17,5,12,44903.28
2649,2025-02-17,17,17,3,8,7591.2
2650,2025-02-18,25,3,2,1,846.33
2651,2025-02-18,7,32,5,19,49523.88
2652,2025-02-18,6,5,1,1,664.79
2653,2025-02-19,9,33,6,5,4644.95
2654,2025-02-19,17,35,5,6,6056.76
2655,2025-02-19,16,31,2,18,63519.12
2656,2025-02-19,7,8,3,15,44885.1
2657,2025-02-19,24,17,3,15,75629.55
2658,2025-02-19,18,1,1,8,21077.76
2659,2025-02-19,25,26,4,14,13254.92
2660,2025-02-19,8,16,4,5,4313.05
2661,2025-02-19,22,17,1,6,24646.62
2662,2025-02-20,12,40,4,6,4487.7
2663,2025-02-20,3,28,4,11,10873.06
2664,2025-02-20,6,34,2,17,10408.42
2665,2025-02-20,12,7,3,15,11425.35
2666,2025-02-20,12,6,1,19,14490.73
2667,2025-02-20,17,38,6,13,15307.5
2668,2025-02-20,5,6,1,20,119809.2
2669,2025-02-20,5,27,2,1,5458.39
2670,2025-02-20,12,13,2,9,7117.2
2671,2025-02-20,7,29,2,6,18983.76
2672,2025-02-20,19,23,6,3,10746.36
2673,2025-02-21,24,10,4,3,13502.76
2674,2025-02-21,11,34,6,6,24645.54
2675,2025-02-21,21,4,4,11,48587.77
2676,2025-02-21,9,26,2,18,16603.02
2677,2025-02-21,21,32,6,7,39560.78
2678,2025-02-21,5,38,5,7,37698.99
2679,2025-02-21,25,1,6,11,11723.25
2680,2025-02-21,17,33,3,4,4341.44
2681,2025-02-22,21,4,5,5,25848.35
2682,2025-02-22,1,40,6,1,2634.07
2683,2025-02-22,2,2,1,4,9635.2
2684,2025-02-22,23,25,1,18,51036.48
2685,2025-02-22,7,24,3,15,40295.55
2686,2025-02-22,5,14,4,3,15844.77
2687,2025-02-22,24,8,4,15,71078.4
2688,2025-02-22,12,28,2,7,5463.01
2689,2025-02-22,14,27,1,19,35451.72
2690,2025-02-23,13,15,5,15,9687.75
2691,2025-02-23,24,15,5,9,44875.53
2692,2025-02-23,24,33,6,5,25997.6
2693,2025-02-23,1,39,2,20,52339.4
2694,2025-02-23,24,29,2,7,38314.78
2695,2025-02-24,13,16,2,17,12924.93
2696,2025-02-24,13,20,2,18,14998.5
2697,2025-02-24,22,4,6,11,47422.32
2698,2025-02-24,18,22,3,7,19881.26
2699,2025-02-24,12,4,2,2,1465.02
2700,2025-02-24,23,26,2,6,15385.62
2701,2025-02-24,23,22,2,11,30500.25
2702,2025-02-24,24,15,4,19,107623.03
2703,2025-02-24,3,17,3,8,7519.04
2704,2025-02-25,18,37,6,1,2442.23
2705,2025-02-25,9,29,4,2,1641.0
2706,2025-02-25,23,1,3,7,15621.27
2707,2025-02-25,6,27,1,3,2305.77
2708,2025-02-25,8,12,2,10,8719.5
2709,2025-02-25,24,17,3,18,85731.12
2710,2025-02-25,12,39,3,6,4756.32
2711,2025-02-26,19,17,1,17,65709.25
2712,2025-02-26,8,3,3,9,9629.1
2713,2025-02-26,18,3,6,9,26605.98
2714,2025-02-26,23,2,4,11,26815.25
2715,2025-02-26,13,7,6,14,9554.3
2716,2025-02-26,2,36,2,2,6309.64
2717,2025-02-26,11,3,1,20,85700.6
2718,2025-02-26,23,32,1,7,17586.66
2719,2025-02-26,7,9,5,3,7803.12
2720,2025-02-26,15,36,2,2,7831.18
2721,2025-02-26,7,10,3,12,34721.88
2722,2025-02-27,3,12,3,11,10542.73
2723,2025-02-27,1,28,5,5,11068.1
2724,2025-02-27,24,9,6,4,22320.4
2725,2025-02-27,6,39,6,7,4942.28
2726,2025-02-27,19,32,6,3,10425.9
2727,2025-02-27,1,17,6,12,28851.6
2728,2025-02-27,11,20,6,7,26384.54
2729,2025-02-27,1,38,4,8,19501.68
2730,2025-02-27,2,8,1,4,9954.44
2731,2025-02-27,22,19,5,3,12206.25
2732,2025-02-27,20,21,2,18,68213.34
2733,2025-02-28,18,37,4,13,35025.51
2734,2025-02-28,10,18,2,9,58837.14
2735,2025-02-28,19,5,3,1,3436.23
2736,2025-02-28,8,32,1,7,7311.29
2737,2025-02-28,19,5,1,12,49845.48
2738,2025-02-28,1,24,3,2,5201.24
2739,2025-03-01,3,22,1,7,6317.22
2740,2025-03-01,5,16,1,10,51385.2
2741,2025-03-01,6,22,3,8,5713.28
2742,2025-03-01,2,29,3,16,42168.32
2743,2025-03-01,22,12,2,4,16404.28
2744,2025-03-01,18,37,6,18,48022.92
2745,2025-03-01,12,33,3,2,1709.32
2746,2025-03-02,15,40,5,17,67588.43
2747,2025-03-02,18,33,3,17,41385.99
2748,2025-03-02,15,16,6,5,17811.45
2749,2025-03-02,4,25,4,13,34379.93
2750,2025-03-02,17,8,4,6,5933.04
2751,2025-03-02,17,2,4,13,12547.34
2752,2025-03-02,14,28,2,19,44867.36
2753,2025-03-02,10,17,2,16,83861.92
2754,2025-03-03,25,20,1,20,18171.6
2755,2025-03-03,4,1,5,6,16848.12
2756,2025-03-03,6,22,5,8,5530.32
2757,2025-03-03,23,10,1,6,15257.28
2758,2025-03-03,9,17,2,9,6644.79
2759,2025-03-03,1,40,1,9,20179.53
2760,2025-03-03,13,1,5,11,7237.12
2761,2025-03-03,5,24,3,16,84002.4
2762,2025-03-03,8,14,6,7,7547.89
2763,2025-03-03,9,35,3,9,6590.34
2764,2025-03-03,10,15,4,20,122326.2
2765,2025-03-04,13,11,5,15,12490.2
2766,2025-03-04,4,36,5,1,2703.43
2767,2025-03-04,4,35,4,7,16269.33
2768,2025-03-04,14,36,4,9,17588.61
2769,2025-03-04,15,39,1,1,3234.45
2770,2025-03-04,9,20,1,1,754.9
2771,2025-03-04,13,10,1,13,9415.77
2772,2025-03-04,21,34,4,14,78088.08
2773,2025-03-04,23,37,6,9,20793.42
2774,2025-03-04,17,16,6,3,3412.77
2775,2025-03-05,22,20,4,2,7435.48
2776,2025-03-05,11,27,2,3,11294.64
2777,2025-03-05,5,17,3,6,32165.28
2778,2025-03-05,14,30,1,14,30688.56
2779,2025-03-05,11,4,4,11,42289.5
2780,2025-03-05,16,31,4,15,58515.6
2781,2025-03-05,20,37,3,1,3837.41
2782,2025-03-05,11,35,3,10,34318.6
2783,2025-03-05,15,11,5,5,18668.5
2784,2025-03-05,21,5,4,2,11153.06
2785,2025-03-06,14,18,4,12,28790.16
2786,2025-03-06,15,6,2,3,11716.59
2787,2025-03-06,5,37,4,1,5821.3
2788,2025-03-06,4,9,5,15,43140.6
2789,2025-03-06,11,22,6,18,59713.74
2790,2025-03-06,22,8,2,13,54740.66
2791,2025-03-06,17,26,6,10,9823.1
2792,2025-03-06,12,35,2,8,5655.6
2793,2025-03-06,7,34,2,6,18412.02
2794,2025-03-07,8,14,2,18,16182.54
2795,2025-03-07,8,29,6,14,12156.62
2796,2025-03-07,5,28,4,8,45910.8
2797,2025-03-07,7,21,1,6,16698.6
2798,2025-03-07,16,17,1,1,3430.26
2799,2025-03-07,10,40,6,16,87663.04
2800,2025-03-07,10,38,3,13,78878.67
2801,2025-03-08,6,27,3,5,3477.05
2802,2025-03-08,13,11,2,4,3395.8
2803,2025-03-08,3,32,6,17,15126.09
2804,2025-03-08,24,29,3,19,104691.33
2805,2025-03-08,7,24,3,9,22761.99
2806,2025-03-08,23,13,2,10,24026.2
2807,2025-03-08,20,3,4,9,30046.41
2808,2025-03-09,8,16,1,6,5536.62
2809,2025-03-09,20,6,4,15,47193.6
2810,2025-03-09,21,4,4,9,41466.78
2811,2025-03-09,1,35,5,7,18514.16
2812,2025-03-09,5,26,3,8,48485.12
2813,2025-03-09,6,23,4,20,12920.2
2814,2025-03-09,15,35,3,6,23628.6
2815,2025-03-09,25,35,2,8,8124.8
2816,2025-03-10,7,15,5,17,45477.89
2817,2025-03-10,12,29,6,12,9940.92
2818,2025-03-10,23,29,5,13,35373.13
2819,2025-03-10,17,25,3,20,23362.6
2820,2025-03-10,12,16,4,18,15289.02
2821,2025-03-11,15,18,6,13,43822.22
2822,2025-03-11,18,10,5,1,2461.78
2823,2025-03-11,9,25,5,12,9016.32
2824,2025-03-11,13,29,3,20,13063.0
2825,2025-03-11,12,25,4,10,7032.6
2826,2025-03-11,23,15,3,18,47084.58
2827,2025-03-12,15,17,3,19,62037.09
2828,2025-03-12,4,25,6,5,11861.9
2829,2025-03-12,16,25,2,19,72417.17
2830,2025-03-12,9,33,2,2,1668.74
2831,2025-03-12,22,39,4,9,36703.44
2832,2025-03-12,11,22,1,10,33998.4
2833,2025-03-12,9,15,1,10,9234.6
2834,2025-03-12,23,2,2,2,5503.26
2835,2025-03-13,14,18,3,19,42819.92
2836,2025-03-13,22,30,6,13,56473.3
2837,2025-03-13,13,35,6,19,14884.98
2838,2025-03-13,25,17,2,6,6155.34
2839,2025-03-13,22,8,5,4,14249.52
2840,2025-03-13,11,19,1,7,30268.7
2841,2025-03-13,10,39,3,6,40913.94
2842,2025-03-13,7,20,1,3,8784.63
2843,2025-03-13,25,29,5,11,9959.51
2844,2025-03-13,16,22,3,20,72019.4
2845,2025-03-13,2,39,5,3,8212.23
2846,2025-03-14,5,14,1,6,30340.08
2847,2025-03-14,18,4,3,8,22425.28
2848,2025-03-14,23,6,2,7,16398.83
2849,2025-03-14,16,39,6,3,11376.84
2850,2025-03-14,16,33,2,6,23774.64
2851,2025-03-14,11,25,5,3,10410.84
2852,2025-03-14,10,23,1,19,97739.23
2853,2025-03-14,15,22,4,18,58370.22
2854,2025-03-14,21,22,1,20,101595.0
2855,2025-03-14,24,13,1,4,19497.24
2856,2025-03-15,21,11,5,12,66040.92
2857,2025-03-15,7,14,3,4,11640.4
2858,2025-03-15,17,2,5,1,1223.31
2859,2025-03-15,14,11,1,7,13834.17
2860,2025-03-15,19,13,6,16,57433.12
2861,2025-03-15,11,39,6,7,24373.37
2862,2025-03-15,5,8,2,17,106263.94
2863,2025-03-15,4,21,4,4,9642.96
2864,2025-03-15,16,28,2,7,29433.74
2865,2025-03-15,19,25,3,9,32989.77
2866,2025-03-16,24,6,4,10,55375.0
2867,2025-03-16,1,16,5,14,35323.26
2868,2025-03-16,19,12,4,13,47244.34
2869,2025-03-16,14,3,4,10,24154.1
2870,2025-03-16,19,30,3,13,45938.62
2871,2025-03-16,8,9,4,20,22612.8
2872,2025-03-16,16,30,6,19,61112.17
2873,2025-03-16,15,11,4,1,3324.52
2874,2025-03-16,25,3,1,16,15864.48
2875,2025-03-17,11,7,2,3,11006.07
2876,2025-03-17,20,35,3,5,15480.5
2877,2025-03-17,23,32,3,3,6664.89
2878,2025-03-17,21,16,6,13,68559.66
2879,2025-03-17,8,17,4,20,21815.8
2880,2025-03-17,2,35,5,7,18622.38
2881,2025-03-17,6,3,1,16,9626.08
2882,2025-03-17,19,39,1,8,29666.8
2883,2025-03-17,17,30,1,10,10032.0
2884,2025-03-17,8,25,5,19,20165.08
2885,2025-03-18,17,14,6,1,1107.89
2886,2025-03-18,15,16,3,2,7966.1
2887,2025-03-18,19,16,6,15,61250.7
2888,2025-03-18,12,32,3,20,15588.8
2889,2025-03-18,14,32,2,11,22742.94
2890,2025-03-18,21,25,5,10,56337.0
2891,2025-03-18,20,2,3,4,12492.92
2892,2025-03-18,15,7,4,12,38715.12
2893,2025-03-18,21,9,3,5,25317.65
2894,2025-03-18,19,17,5,14,54435.92
2895,2025-03-19,5,3,1,13,71323.72
2896,2025-03-19,7,25,3,8,23248.64
2897,2025-03-19,5,34,6,3,15867.75
2898,2025-03-19,22,22,2,11,39727.16
2899,2025-03-19,11,26,4,12,52565.28
2900,2025-03-19,8,19,2,11,11542.96
2901,2025-03-20,13,3,4,11,9097.11
2902,2025-03-20,20,30,6,7,24093.79
2903,2025-03-20,21,15,2,13,59943.65
2904,2025-03-20,20,36,4,6,19205.4
2905,2025-03-20,25,17,5,10,10236.1
2906,2025-03-21,3,11,5,1,883.58
2907,2025-03-21,9,36,4,6,4498.56
2908,2025-03-21,17,11,2,9,10771.2
2909,2025-03-21,15,25,5,3,10707.72
2910,2025-03-21,6,35,2,1,667.98
2911,2025-03-21,5,13,2,11,67655.28
2912,2025-03-21,16,3,5,18,64317.6
2913,2025-03-21,23,16,4,12,27537.24
2914,2025-03-21,20,39,6,12,41217.24
2915,2025-03-22,17,36,4,15,16579.95
2916,2025-03-22,8,26,4,17,16262.37
2917,2025-03-22,17,32,4,14,13857.34
2918,2025-03-22,9,4,6,1,915.54
2919,2025-03-22,7,30,5,19,58473.07
2920,2025-03-22,9,27,4,4,3458.0
2921,2025-03-22,11,39,2,13,44404.88
2922,2025-03-22,23,10,1,12,33337.2
2923,2025-03-22,7,9,4,17,51399.16
2924,2025-03-23,2,26,1,9,23427.18
2925,2025-03-23,12,39,2,15,11910.15
2926,2025-03-23,24,15,5,18,103478.4
2927,2025-03-23,21,36,4,10,53310.4
2928,2025-03-23,8,15,4,18,20438.46
2929,2025-03-23,11,37,3,10,34977.3
2930,2025-03-24,20,7,1,4,11757.72
2931,2025-03-24,17,19,3,16,15356.8
2932,2025-03-24,4,17,3,15,34250.25
2933,2025-03-24,1,2,4,18,39260.52
2934,2025-03-24,4,39,1,18,43481.34
2935,2025-03-24,8,40,5,14,12096.56
2936,2025-03-25,13,18,4,12,8921.4
2937,2025-03-25,6,35,5,20,12146.6
2938,2025-03-25,8,11,1,7,6895.35
2939,2025-03-25,25,2,2,10,8992.5
2940,2025-03-25,21,6,1,17,85062.05
2941,2025-03-25,7,13,3,5,16340.1
2942,2025-03-25,22,2,1,12,40890.24
2943,2025-03-25,1,23,4,5,11458.35
2944,2025-03-25,15,11,1,11,34257.85
2945,2025-03-25,23,34,1,18,50782.68
2946,2025-03-25,2,18,4,20,54169.0
2947,2025-03-25,24,40,4,8,41498.32
2948,2025-03-25,24,14,3,12,63616.92
2949,2025-03-25,6,4,1,17,10375.27
2950,2025-03-26,23,14,2,4,11293.28
2951,2025-03-26,23,35,2,13,34112.52
2952,2025-03-26,25,15,5,10,10616.0
2953,2025-03-26,9,27,6,1,869.88
2954,2025-03-26,20,38,5,12,35682.48
2955,2025-03-26,14,2,4,18,39628.8
2956,2025-03-26,15,16,4,1,3305.22
2957,2025-03-26,19,18,1,1,3931.87
2958,2025-03-26,10,17,5,9,55447.29
2959,2025-03-27,4,32,6,8,21351.12
2960,2025-03-27,2,35,2,11,28741.02
2961,2025-03-28,3,13,4,20,17515.6
2962,2025-03-28,19,40,5,14,58543.24
2963,2025-03-28,14,24,2,15,28893.6
2964,2025-03-28,18,25,3,19,56392.38
2965,2025-03-28,5,29,4,2,11369.28
2966,2025-03-28,9,14,2,10,9234.8
2967,2025-03-29,4,34,4,12,31523.04
2968,2025-03-29,22,34,1,1,4063.17
2969,2025-03-29,21,15,6,7,39281.76
2970,2025-03-29,12,9,5,2,1651.06
2971,2025-03-29,9,32,6,16,11238.4
2972,2025-03-29,9,8,1,18,14742.0
2973,2025-03-29,14,15,2,20,41219.6
2974,2025-03-29,16,32,3,17,57275.89
2975,2025-03-29,8,9,4,12,11162.76
2976,2025-03-29,6,33,1,12,7571.16
2977,2025-03-30,23,18,4,18,42247.08
2978,2025-03-30,25,37,6,14,13155.8
2979,2025-03-30,8,15,2,18,19982.52
2980,2025-03-30,11,37,2,5,20858.15
2981,2025-03-30,12,16,6,11,7808.9
2982,2025-03-30,4,21,6,1,2454.09
2983,2025-03-30,1,33,2,8,18888.16
2984,2025-03-30,11,4,2,7,26681.69
2985,2025-03-30,7,11,2,10,30200.4
2986,2025-03-31,7,21,5,19,49467.64
2987,2025-03-31,12,8,1,13,9979.19
2988,2025-03-31,16,21,4,3,9985.8
2989,2025-03-31,6,29,6,17,10685.18
2990,2025-03-31,13,30,6,16,12623.36
2991,2025-03-31,7,22,3,19,52354.5
2992,2025-03-31,22,25,3,1,3430.75
2993,2025-03-31,24,38,5,4,17684.88
2994,2025-04-01,7,11,1,11,35142.47
2995,2025-04-01,15,5,2,2,6625.54
2996,2025-04-01,20,19,6,4,12467.64
2997,2025-04-01,5,3,5,11,63748.08
2998,2025-04-01,23,25,1,11,25323.76
2999,2025-04-01,6,20,2,3,1914.81
3000,2025-04-01,12,22,5,11,8404.22
3001,2025-04-01,16,27,4,3,11364.93
3002,2025-04-01,9,24,2,10,7972.4
3003,2025-04-01,25,6,6,16,15747.68
3004,2025-04-01,18,4,4,13,32378.71
3005,2025-04-02,16,28,5,4,14222.88
3006,2025-04-02,18,29,3,20,53151.8
3007,2025-04-02,17,4,2,19,17668.86
3008,2025-04-02,25,14,2,18,18320.58
3009,2025-04-02,24,12,1,19,103229.85
3010,2025-04-02,5,36,3,8,42152.48
3011,2025-04-02,16,8,3,2,7123.8
3012,2025-04-03,9,4,4,16,13836.16
3013,2025-04-03,16,28,1,19,67700.61
3014,2025-04-03,1,33,2,2,4930.62
3015,2025-04-03,23,30,1,5,11813.6
3016,2025-04-03,14,23,1,6,13245.9
3017,2025-04-03,18,35,4,11,32982.29
3018,2025-04-03,17,7,4,6,5783.82
3019,2025-04-03,7,23,1,4,12862.24
3020,2025-04-03,10,28,2,14,73478.72
3021,2025-04-03,22,28,2,17,66124.56
3022,2025-04-03,23,11,4,2,5056.14
3023,2025-04-03,15,2,2,17,69301.69
3024,2025-04-03,23,9,4,2,5221.7
3025,2025-04-04,14,7,6,8,17926.08
3026,2025-04-04,23,4,4,18,43695.9
3027,2025-04-04,6,11,4,5,3800.65
3028,2025-04-04,15,32,1,5,15597.0
3029,2025-04-04,12,15,4,18,14917.68
3030,2025-04-04,19,17,1,9,36840.42
3031,2025-04-04,13,22,4,16,12630.88
3032,2025-04-04,18,12,6,11,33134.09
3033,2025-04-04,4,14,6,6,13846.8
3034,2025-04-04,4,7,3,18,41096.16
3035,2025-04-05,25,24,2,12,12028.32
3036,2025-04-05,5,29,3,16,85191.68
3037,2025-04-05,20,36,3,5,18435.35
3038,2025-04-05,23,27,5,19,46981.68
3039,2025-04-05,17,21,1,6,5799.42
3040,2025-04-05,8,40,5,13,14158.3
3041,2025-04-05,1,24,4,14,35106.4
3042,2025-04-05,5,14,3,10,57575.7
3043,2025-04-05,5,2,5,12,71128.92
3044,2025-04-06,9,30,6,10,8514.2
3045,2025-04-06,4,35,2,2,5289.52
3046,2025-04-06,15,18,6,10,36115.6
3047,2025-04-06,13,15,3,1,840.01
3048,2025-04-06,17,2,6,9,9475.56
3049,2025-04-06,7,4,2,4,10224.76
3050,2025-04-06,18,10,5,19,45596.2
3051,2025-04-06,11,28,3,16,69552.8
3052,2025-04-06,7,28,6,3,8822.37
3053,2025-04-06,8,6,2,2,2070.84
3054,2025-04-06,18,35,3,10,23622.7
3055,2025-04-06,23,11,4,9,23002.2
3056,2025-04-07,16,32,4,9,29333.7
3057,2025-04-07,2,40,3,13,36878.53
3058,2025-04-07,23,20,5,5,11186.15
3059,2025-04-07,9,33,3,14,9873.36
3060,2025-04-07,6,30,6,9,5552.19
3061,2025-04-07,10,25,5,12,71343.72
3062,2025-04-07,9,14,4,19,13860.88
3063,2025-04-07,21,38,4,3,16389.69
3064,2025-04-07,8,18,4,4,3771.52
3065,2025-04-07,16,2,6,19,72007.53
3066,2025-04-07,4,40,1,3,7141.08
3067,2025-04-07,12,11,2,6,4496.52
3068,2025-04-08,21,6,6,19,94754.52
3069,2025-04-08,24,34,6,4,22018.4
3070,2025-04-08,2,30,5,20,52175.8
3071,2025-04-08,11,4,1,18,65456.28
3072,2025-04-08,8,33,4,17,17254.83
3073,2025-04-08,7,33,3,14,38953.04
3074,2025-04-08,6,15,2,10,5988.7
3075,2025-04-09,3,8,1,8,7480.48
3076,2025-04-09,5,5,6,17,103151.07
3077,2025-04-09,24,4,6,4,18323.96
3078,2025-04-09,1,1,1,20,40722.8
3079,2025-04-09,16,27,1,5,16438.0
3080,2025-04-09,11,39,1,7,24351.74
3081,2025-04-09,2,4,2,12,29890.92
3082,2025-04-09,25,35,3,7,7053.62
3083,2025-04-10,15,36,6,5,18948.95
3084,2025-04-10,4,25,4,14,37327.5
3085,2025-04-10,3,35,3,10,9064.7
3086,2025-04-10,24,38,5,8,35234.32
3087,2025-04-10,16,30,4,13,43970.42
3088,2025-04-10,16,1,6,5,21267.85
3089,2025-04-10,2,5,3,5,12570.2
3090,2025-04-11,10,14,5,4,25165.6
3091,2025-04-11,8,39,2,6,5854.68
3092,2025-04-11,19,16,2,19,79948.96
3093,2025-04-11,19,7,5,4,14725.72
3094,2025-04-11,13,36,2,19,15479.87
3095,2025-04-11,7,26,4,1,2980.03
3096,2025-04-11,19,4,2,17,63346.25
3097,2025-04-11,16,32,2,2,6836.68
3098,2025-04-11,21,12,3,13,63945.44
3099,2025-04-12,20,24,6,10,37958.5
3100,2025-04-12,11,31,5,18,61260.84
3101,2025-04-12,7,3,4,14,43932.56
3102,2025-04-12,22,27,6,5,19893.0
3103,2025-04-12,2,40,6,10,25201.1
3104,2025-04-12,23,27,1,15,36875.1
3105,2025-04-13,14,37,4,11,26979.48
3106,2025-04-13,11,16,4,15,59559.15
3107,2025-04-13,16,17,2,14,55572.02
3108,2025-04-13,8,23,3,6,5661.48
3109,2025-04-13,17,9,2,13,13895.18
3110,2025-04-13,13,29,4,8,5158.96
3111,2025-04-13,9,25,2,15,12873.6
3112,2025-04-13,10,37,4,3,16118.82
3113,2025-04-14,17,2,6,12,13721.04
3114,2025-04-14,4,4,4,14,37996.98
3115,2025-04-14,16,35,2,14,48867.98
3116,2025-04-14,20,33,4,8,30646.4
3117,2025-04-14,4,3,3,8,20848.64
3118,2025-04-14,6,31,2,16,10440.32
3119,2025-04-14,7,13,1,12,32878.68
3120,2025-04-14,9,36,3,16,11918.4
3121,2025-04-15,20,16,6,11,35780.03
3122,2025-04-15,2,17,3,20,57970.4
3123,2025-04-15,19,34,2,1,3882.84
3124,2025-04-15,13,30,5,1,846.52
3125,2025-04-15,18,1,4,20,59896.8
3126,2025-04-15,12,26,2,7,5642.63
3127,2025-04-15,20,4,2,15,47601.15
3128,2025-04-16,16,20,2,4,13009.6
3129,2025-04-16,17,11,5,5,4902.3
3130,2025-04-16,12,8,4,15,11746.65
3131,2025-04-16,6,18,2,2,1397.54
3132,2025-04-16,21,32,5,8,35626.64
3133,2025-04-16,6,7,1,1,745.8
3134,2025-04-16,11,16,3,1,4022.65
3135,2025-04-17,16,5,1,7,26916.96
3136,2025-04-17,22,26,2,6,22062.42
3137,2025-04-17,10,13,1,2,11153.66
3138,2025-04-17,24,25,6,14,78197.0
3139,2025-04-17,24,9,4,18,79046.46
3140,2025-04-17,20,2,5,15,54157.65
3141,2025-04-17,25,15,6,20,20368.6
3142,2025-04-17,9,4,6,16,13830.88
3143,2025-04-17,5,38,2,1,5370.07
3144,2025-04-18,25,24,3,18,16696.8
3145,2025-04-18,21,26,4,11,57043.14
3146,2025-04-18,19,1,4,18,60156.72
3147,2025-04-18,24,12,3,12,62438.52
3148,2025-04-18,2,22,4,1,2716.26
3149,2025-04-18,14,29,6,20,42477.6
3150,2025-04-18,16,35,6,11,45646.15
3151,2025-04-18,19,11,2,15,49127.55
3152,2025-04-19,17,5,6,13,13413.14
3153,2025-04-19,18,14,5,3,8896.41
3154,2025-04-19,6,21,5,8,5794.4
3155,2025-04-19,8,17,2,8,7230.24
3156,2025-04-19,17,3,3,13,15036.19
3157,2025-04-19,25,18,6,11,10856.67
3158,2025-04-19,1,31,3,5,13133.7
3159,2025-04-19,12,5,4,7,6008.52
3160,2025-04-20,2,9,1,13,33322.77
3161,2025-04-20,4,21,1,15,34976.7
3162,2025-04-20,25,25,2,10,10700.2
3163,2025-04-20,21,1,5,17,73309.1
3164,2025-04-20,24,32,2,18,88330.5
3165,2025-04-20,4,37,4,4,9473.08
3166,2025-04-20,21,21,6,7,32930.59
3167,2025-04-20,23,30,5,6,16801.74
3168,2025-04-20,23,15,4,10,22542.9
3169,2025-04-21,23,11,4,18,47334.24
3170,2025-04-21,24,20,1,6,26725.86
3171,2025-04-21,10,39,1,14,89656.56
3172,2025-04-21,23,17,2,1,2251.26
3173,2025-04-21,19,22,6,2,6500.02
3174,2025-04-21,17,6,6,13,14746.03
3175,2025-04-21,3,36,5,2,1747.5
3176,2025-04-21,23,8,5,7,16523.64
3177,2025-04-22,16,12,3,16,62932.64
3178,2025-04-22,14,6,5,9,18454.32
3179,2025-04-22,20,34,6,9,33605.91
3180,2025-04-22,20,8,4,20,64322.2
3181,2025-04-22,22,34,6,20,75555.4
3182,2025-04-22,6,34,6,12,9062.4
3183,2025-04-22,17,31,1,6,6824.34
3184,2025-04-22,5,39,5,1,5705.99
3185,2025-04-23,17,1,1,3,3124.44
3186,2025-04-23,15,13,5,8,26359.76
3187,2025-04-23,10,7,6,18,107610.84
3188,2025-04-23,3,30,1,10,9836.5
3189,2025-04-23,14,19,6,9,18759.33
3190,2025-04-23,7,10,3,20,58079.6
3191,2025-04-23,11,13,5,11,37432.23
3192,2025-04-23,11,35,6,11,36344.0
3193,2025-04-23,2,19,2,7,18929.89
3194,2025-04-24,2,32,6,10,30380.3
3195,2025-04-24,6,21,1,9,5751.72
3196,2025-04-24,21,14,3,4,19695.24
3197,2025-04-24,20,31,3,8,26802.56
3198,2025-04-24,20,6,2,16,57302.24
3199,2025-04-24,18,40,3,8,22172.16
3200,2025-04-24,4,13,4,10,23988.6
3201,2025-04-25,10,27,6,17,100383.98
3202,2025-04-25,2,20,3,16,39796.48
3203,2025-04-25,5,11,5,5,26586.65
3204,2025-04-25,22,5,5,1,4089.9
3205,2025-04-25,22,22,4,17,66382.11
3206,2025-04-25,3,12,3,6,6108.54
3207,2025-04-26,13,18,2,5,3857.05
3208,2025-04-26,11,21,5,20,85786.4
3209,2025-04-26,23,29,2,14,38796.94
3210,2025-04-26,15,3,6,5,20279.65
3211,2025-04-26,22,13,5,12,41556.84
3212,2025-04-26,9,15,4,18,12937.32
3213,2025-04-26,3,38,5,4,3944.12
3214,2025-04-26,20,24,2,16,48155.2
3215,2025-04-27,5,13,5,16,102829.44
3216,2025-04-27,14,9,1,9,18804.69
3217,2025-04-27,24,1,1,10,49020.7
3218,2025-04-27,11,6,1,10,38085.1
3219,2025-04-27,5,20,5,15,93919.95
3220,2025-04-27,23,18,3,18,45495.9
3221,2025-04-27,9,17,2,3,2719.8
3222,2025-04-27,20,25,6,15,52925.85
3223,2025-04-27,23,29,4,19,48109.9
3224,2025-04-28,20,24,5,5,18861.05
3225,2025-04-28,5,14,1,16,95047.04
3226,2025-04-28,19,24,1,16,55414.24
3227,2025-04-28,12,18,6,7,4901.05
3228,2025-04-28,25,3,1,19,15727.25
3229,2025-04-28,20,34,3,14,40560.94
3230,2025-04-28,25,30,5,5,4529.05
3231,2025-04-28,5,26,2,7,39650.17
3232,2025-04-29,20,37,2,1,2991.66
3233,2025-04-29,14,17,2,12,22447.56
3234,2025-04-29,21,30,3,1,4380.54
3235,2025-04-29,10,9,5,12,75160.44
3236,2025-04-29,5,21,2,16,88946.56
3237,2025-04-29,19,27,1,17,72165.17
3238,2025-04-29,5,35,4,12,65803.44
3239,2025-04-29,4,4,2,2,5329.94
3240,2025-04-29,5,11,6,12,69829.56
3241,2025-04-29,10,10,3,2,10428.04
3242,2025-04-29,22,5,6,8,28213.04
3243,2025-04-30,22,21,4,12,42907.32
3244,2025-04-30,2,40,2,8,25005.28
3245,2025-04-30,12,10,5,11,8815.29
3246,2025-04-30,15,6,6,18,57489.12
3247,2025-04-30,22,22,5,14,53260.9
3248,2025-04-30,10,32,5,16,96980.8
3249,2025-04-30,6,24,3,18,13356.54
3250,2025-05-01,10,10,2,19,103401.61
3251,2025-05-01,3,4,3,11,8687.91
3252,2025-05-01,15,5,1,12,41856.36
3253,2025-05-01,5,19,2,15,97942.65
3254,2025-05-01,13,20,2,7,5566.12
3255,2025-05-01,21,28,2,8,43186.64
3256,2025-05-01,3,40,6,18,17558.82
3257,2025-05-02,22,25,1,15,63681.3
3258,2025-05-02,22,4,1,4,17052.16
3259,2025-05-02,6,36,5,16,11044.16
3260,2025-05-02,8,2,4,19,21328.45
3261,2025-05-02,15,26,5,10,38532.5
3262,2025-05-02,4,10,2,19,45034.56
3263,2025-05-02,2,20,6,2,6042.98
3264,2025-05-02,12,21,6,7,4664.59
3265,2025-05-02,8,4,3,13,13222.95
3266,2025-05-03,22,5,1,8,30066.08
3267,2025-05-03,3,15,6,18,17892.0
3268,2025-05-03,14,22,4,19,39719.12
3269,2025-05-03,8,18,5,1,1010.59
3270,2025-05-03,18,17,3,10,25179.1
3271,2025-05-03,14,17,4,2,4203.36
3272,2025-05-03,23,28,3,14,34776.0
3273,2025-05-03,3,34,1,10,7921.8
3274,2025-05-03,24,16,3,18,80160.48
3275,2025-05-03,14,24,1,3,6311.49
3276,2025-05-04,7,29,1,18,54570.42
3277,2025-05-04,20,31,2,20,62680.2
3278,2025-05-04,7,26,4,13,39694.98
3279,2025-05-04,19,33,3,19,69585.03
3280,2025-05-04,3,28,3,7,7123.97
3281,2025-05-04,6,21,4,3,1951.23
3282,2025-05-04,13,18,3,4,2869.2
3283,2025-05-04,7,31,4,3,9949.74
3284,2025-05-04,14,9,4,9,18346.14
3285,2025-05-04,19,39,2,7,23143.12
3286,2025-05-04,19,31,3,17,72487.32
3287,2025-05-05,1,23,4,1,2334.18
3288,2025-05-05,17,11,4,17,20643.44
3289,2025-05-05,20,6,6,1,2904.33
3290,2025-05-05,11,26,4,2,7330.78
3291,2025-05-05,24,1,2,6,28302.24
3292,2025-05-05,23,9,3,12,32693.04
3293,2025-05-05,13,8,3,18,12638.34
3294,2025-05-05,21,22,6,19,91083.72
3295,2025-05-05,11,33,2,10,33764.5
3296,2025-05-05,1,9,5,17,35773.95
3297,2025-05-05,9,15,3,6,4251.54
3298,2025-05-06,7,1,3,17,49378.37
3299,2025-05-06,20,17,3,8,29902.72
3300,2025-05-06,2,13,4,11,32257.72
3301,2025-05-06,3,37,1,5,4017.75
3302,2025-05-06,7,34,4,4,10572.68
3303,2025-05-06,16,10,4,14,54877.48
3304,2025-05-06,1,11,2,19,39257.99
3305,2025-05-06,23,9,4,11,27404.19
3306,2025-05-07,2,29,6,8,22400.64
3307,2025-05-07,21,10,6,4,20947.04
3308,2025-05-07,8,27,2,3,2645.61
3309,2025-05-07,20,29,1,17,53645.03
3310,2025-05-07,5,24,4,15,87550.95
3311,2025-05-08,25,36,6,16,14748.32
3312,2025-05-08,25,11,4,7,6485.22
3313,2025-05-08,2,13,1,15,38102.7
3314,2025-05-08,20,33,5,20,67000.4
3315,2025-05-08,6,18,3,12,7282.56
3316,2025-05-08,13,3,5,19,12618.47
3317,2025-05-08,17,26,1,20,19071.8
3318,2025-05-08,4,1,1,19,53796.98
3319,2025-05-08,13,27,1,14,9051.84
3320,2025-05-09,13,8,4,9,7122.78
3321,2025-05-09,24,23,1,18,99547.56
3322,2025-05-09,1,34,4,12,26512.68
3323,2025-05-09,14,39,1,19,39645.21
3324,2025-05-09,3,1,2,8,6198.32
3325,2025-05-09,11,4,5,5,16842.85
3326,2025-05-09,18,15,2,13,38711.92
3327,2025-05-09,22,13,4,13,50055.2
3328,2025-05-10,1,15,3,13,28818.92
3329,2025-05-10,10,5,2,13,75589.28
3330,2025-05-10,3,25,5,12,9801.6
3331,2025-05-10,7,19,4,15,42264.15
3332,2025-05-10,18,26,6,13,30222.53
3333,2025-05-10,19,9,4,9,37500.84
3334,2025-05-10,22,12,1,2,7910.92
3335,2025-05-10,9,12,5,14,11397.12
3336,2025-05-10,25,23,4,15,12566.7
3337,2025-05-10,15,22,6,17,68314.84
3338,2025-05-10,8,25,1,13,14238.25
3339,2025-05-11,6,17,3,16,10248.8
3340,2025-05-11,22,34,2,8,27222.16
3341,2025-05-11,5,20,3,6,30271.2
3342,2025-05-11,12,39,6,8,5276.16
3343,2025-05-11,17,38,2,19,19883.69
3344,2025-05-11,23,15,2,18,51297.66
3345,2025-05-11,12,25,2,20,15724.4
3346,2025-05-11,23,21,4,7,16051.42
3347,2025-05-11,24,15,6,16,70155.04
3348,2025-05-11,24,18,6,2,8793.88
3349,2025-05-12,1,8,6,10,21746.3
3350,2025-05-12,18,17,2,19,44295.65
3351,2025-05-12,23,37,4,1,2375.63
3352,2025-05-12,17,35,1,13,14197.43
3353,2025-05-12,23,17,1,12,31820.4
3354,2025-05-12,17,27,4,7,6657.63
3355,2025-05-12,7,30,3,3,9929.34
3356,2025-05-13,8,19,6,12,13213.44
3357,2025-05-13,5,40,4,15,76408.95
3358,2025-05-13,3,26,2,6,5483.34
3359,2025-05-13,25,29,3,3,2510.91
3360,2025-05-13,3,36,5,6,4929.42
3361,2025-05-14,21,15,4,5,23725.65
3362,2025-05-14,2,24,1,7,18463.13
3363,2025-05-14,2,21,4,4,9566.36
3364,2025-05-14,25,6,3,16,15129.92
3365,2025-05-14,5,16,4,10,61851.6
3366,2025-05-14,12,21,3,14,11308.64
3367,2025-05-14,15,28,6,5,20669.15
3368,2025-05-14,21,40,2,6,28982.58
3369,2025-05-14,18,7,3,4,10664.16
3370,2025-05-15,6,35,2,8,5773.68
3371,2025-05-15,4,35,4,15,39991.65
3372,2025-05-15,21,9,6,10,53205.8
3373,2025-05-15,23,13,3,15,39347.4
3374,2025-05-15,15,25,5,5,17709.5
3375,2025-05-15,20,40,6,8,27020.24
3376,2025-05-15,12,26,2,20,13478.0
3377,2025-05-15,20,14,4,8,30225.2
3378,2025-05-15,1,18,1,10,22080.9
3379,2025-05-15,16,17,1,16,56201.12
3380,2025-05-16,7,39,3,13,37604.06
3381,2025-05-16,4,32,1,8,18619.28
3382,2025-05-16,3,11,4,13,12870.52
3383,2025-05-16,9,32,5,6,4549.68
3384,2025-05-16,18,30,4,7,19467.49
3385,2025-05-16,1,2,1,12,29132.76
3386,2025-05-16,12,35,2,9,6776.82
3387,2025-05-16,9,9,1,10,7507.2
3388,2025-05-16,24,4,2,2,11164.86
3389,2025-05-16,12,29,4,10,7286.8
3390,2025-05-16,25,20,3,17,16589.11
3391,2025-05-16,11,34,4,9,36569.79
3392,2025-05-16,20,40,5,4,12829.08
3393,2025-05-17,16,38,5,3,10257.0
3394,2025-05-17,14,15,2,10,18560.2
3395,2025-05-17,21,29,5,8,35607.36
3396,2025-05-17,2,7,4,10,28050.3
3397,2025-05-17,12,20,6,1,852.95
3398,2025-05-17,8,22,6,11,10594.1
3399,2025-05-17,11,20,4,8,32096.72
3400,2025-05-17,2,34,2,9,22039.2
3401,2025-05-17,9,15,1,3,2768.1
3402,2025-05-17,6,35,5,14,9327.08
3403,2025-05-18,3,10,5,18,14922.72
3404,2025-05-18,25,17,2,16,17090.72
3405,2025-05-18,19,25,4,9,37097.01
3406,2025-05-18,14,24,5,14,28499.24
3407,2025-05-18,5,27,4,11,66886.27
3408,2025-05-18,3,17,4,12,11010.12
3409,2025-05-18,14,23,6,16,33763.84
3410,2025-05-19,24,4,6,3,16639.02
3411,2025-05-19,2,21,3,10,24840.2
3412,2025-05-19,15,7,4,17,57259.4
3413,2025-05-19,5,1,4,12,68440.92
3414,2025-05-19,14,17,3,15,30354.0
3415,2025-05-19,20,28,2,4,14288.72
3416,2025-05-19,23,25,4,13,34232.64
3417,2025-05-19,1,8,5,13,29371.68
3418,2025-05-19,1,37,3,6,14610.3
3419,2025-05-20,1,12,4,5,12918.55
3420,2025-05-20,12,34,5,15,12586.95
3421,2025-05-20,22,28,1,2,8038.02
3422,2025-05-20,16,3,5,18,64341.72
3423,2025-05-20,1,36,4,7,18023.25
3424,2025-05-21,16,34,3,16,56588.64
3425,2025-05-21,2,36,6,6,18679.98
3426,2025-05-21,20,8,3,18,56386.44
3427,2025-05-21,18,34,1,9,25775.46
3428,2025-05-21,23,4,2,17,44780.21
3429,2025-05-21,18,12,4,19,47699.5
3430,2025-05-22,22,28,2,3,11151.75
3431,2025-05-22,22,2,5,17,69688.1
3432,2025-05-22,23,20,2,2,5367.14
3433,2025-05-22,16,28,5,4,13223.16
3434,2025-05-22,5,8,1,11,68782.12
3435,2025-05-22,1,31,4,7,16730.84
3436,2025-05-22,10,34,3,11,62304.55
3437,2025-05-22,17,23,4,13,14164.67
3438,2025-05-22,19,23,5,16,60302.88
3439,2025-05-23,1,26,5,7,16983.89
3440,2025-05-23,13,11,4,2,1581.1
3441,2025-05-23,16,16,3,7,23103.01
3442,2025-05-23,13,35,2,14,11266.92
3443,2025-05-23,21,9,6,9,41661.18
3444,2025-05-23,11,26,2,17,60776.36
3445,2025-05-23,25,13,2,9,8606.52
3446,2025-05-23,9,18,4,9,6912.45
3447,2025-05-23,12,21,4,3,2466.39
3448,2025-05-23,7,13,3,19,60200.17
3449,2025-05-23,1,13,2,17,38190.67
3450,2025-05-24,23,2,2,15,33561.45
3451,2025-05-24,13,29,1,12,9034.08
3452,2025-05-24,17,8,6,16,18821.92
3453,2025-05-24,10,30,1,20,105616.2
3454,2025-05-24,5,11,2,10,57059.4
3455,2025-05-25,4,5,5,7,18924.78
3456,2025-05-25,18,24,2,5,12742.65
3457,2025-05-25,3,3,3,14,13406.96
3458,2025-05-25,23,4,4,20,48811.0
3459,2025-05-25,13,12,1,18,15173.64
3460,2025-05-25,19,11,2,13,43576.78
3461,2025-05-25,14,25,1,10,24668.5
3462,2025-05-26,22,10,4,5,19884.15
3463,2025-05-26,17,1,1,6,7128.3
3464,2025-05-26,4,25,1,2,4833.88
3465,2025-05-26,11,9,5,10,37618.3
3466,2025-05-26,15,25,6,8,26689.92
3467,2025-05-26,18,1,3,17,44222.27
3468,2025-05-26,19,22,3,17,69478.83
3469,2025-05-26,12,18,5,4,3453.64
3470,2025-05-26,23,10,2,20,46364.6
3471,2025-05-27,3,10,5,20,19757.6
3472,2025-05-27,7,9,1,11,32313.16
3473,2025-05-27,3,15,2,15,12404.4
3474,2025-05-27,3,7,2,6,4709.82
3475,2025-05-27,12,3,5,19,15628.07
3476,2025-05-27,9,11,3,6,5596.08
3477,2025-05-27,25,20,2,8,8267.44
3478,2025-05-27,25,37,5,12,11208.12
3479,2025-05-27,24,2,5,12,57367.08
3480,2025-05-27,21,22,4,11,55429.55
3481,2025-05-27,24,40,1,20,105239.2
3482,2025-05-28,17,20,4,18,18419.4
3483,2025-05-28,25,2,1,2,2018.06
3484,2025-05-28,25,39,4,4,3766.48
3485,2025-05-28,24,8,1,3,13382.73
3486,2025-05-28,14,20,6,6,11590.2
3487,2025-05-28,2,21,2,18,48595.68
3488,2025-05-28,20,38,3,2,6332.86
3489,2025-05-28,21,16,2,12,67436.76
3490,2025-05-29,9,19,1,11,8250.66
3491,2025-05-29,8,15,4,15,13319.1
3492,2025-05-29,25,33,3,9,7635.69
3493,2025-05-29,19,3,2,6,22945.08
3494,2025-05-30,23,34,6,18,51111.54
3495,2025-05-30,8,28,3,17,18465.06
3496,2025-05-30,9,14,2,7,6164.97
3497,2025-05-30,16,36,4,1,3471.53
3498,2025-05-30,2,29,1,20,62385.2
3499,2025-05-30,8,10,4,15,13827.9
3500,2025-05-30,19,2,3,17,61051.59
3501,2025-05-30,12,18,4,10,7858.1
3502,2025-05-30,12,16,6,20,13946.4
3503,2025-05-31,15,12,3,11,43911.45
3504,2025-05-31,14,25,4,7,13649.37
3505,2025-05-31,23,25,6,9,20714.49
3506,2025-05-31,8,39,1,11,12497.32
3507,2025-05-31,19,13,3,20,73296.2
3508,2025-05-31,19,8,5,11,43380.7
3509,2025-05-31,5,24,2,16,84891.36
3510,2025-05-31,23,24,3,7,17521.84
3511,2025-05-31,7,29,6,19,56130.18
3512,2025-06-01,3,7,1,12,10599.84
3513,2025-06-01,1,31,6,4,10040.4
3514,2025-06-01,2,10,5,9,25742.16
3515,2025-06-01,1,20,4,4,8581.4
3516,2025-06-01,7,24,5,11,33718.3
3517,2025-06-01,24,37,3,16,88530.24
3518,2025-06-01,7,9,2,19,62129.24
3519,2025-06-01,3,15,5,12,11084.64
3520,2025-06-01,4,9,1,15,42423.6
3521,2025-06-01,9,26,5,13,10102.17
3522,2025-06-02,6,35,3,2,1259.66
3523,2025-06-02,9,14,1,10,7439.4
3524,2025-06-02,24,12,3,1,5003.48
3525,2025-06-02,6,24,5,14,9139.62
3526,2025-06-02,23,26,6,17,40755.29
3527,2025-06-02,23,12,4,6,16297.56
3528,2025-06-03,21,37,5,3,13073.28
3529,2025-06-03,14,22,5,9,20149.83
3530,2025-06-03,5,21,3,5,28289.9
3531,2025-06-03,24,2,6,3,14511.24
3532,2025-06-03,8,24,1,2,2127.2
3533,2025-06-03,15,12,2,1,3698.41
3534,2025-06-03,17,8,4,1,1125.79
3535,2025-06-03,8,15,4,5,4317.2
3536,2025-06-03,17,3,2,8,8776.24
3537,2025-06-04,8,34,5,7,7270.13
3538,2025-06-04,12,1,6,12,9134.76
3539,2025-06-04,21,32,6,14,66634.68
3540,2025-06-04,15,32,2,14,46834.62
3541,2025-06-04,25,4,3,10,9212.5
3542,2025-06-05,8,13,4,5,5711.75
3543,2025-06-05,3,14,1,17,14586.34
3544,2025-06-05,13,38,5,14,11733.4
3545,2025-06-05,19,4,6,11,38816.69
3546,2025-06-05,2,12,1,1,2558.87
3547,2025-06-05,20,4,3,8,26080.72
3548,2025-06-05,5,40,6,4,22360.52
3549,2025-06-06,20,33,3,8,28653.76
3550,2025-06-06,4,25,2,5,12799.45
3551,2025-06-06,11,40,2,2,8748.86
3552,2025-06-06,4,31,4,18,42530.4
3553,2025-06-06,9,10,1,7,5113.08
3554,2025-06-06,2,2,2,14,43185.38
3555,2025-06-06,4,3,3,5,12440.2
3556,2025-06-06,14,4,6,2,4854.72
3557,2025-06-06,5,30,1,16,89105.92
3558,2025-06-06,12,36,1,19,14767.94
3559,2025-06-07,17,21,3,9,9848.07
3560,2025-06-07,17,38,4,3,2976.54
3561,2025-06-07,16,35,2,8,28399.12
3562,2025-06-07,23,33,4,6,15478.98
3563,2025-06-07,14,31,2,14,28867.86
3564,2025-06-07,6,32,2,4,2514.16
3565,2025-06-07,1,9,5,8,18524.72
3566,2025-06-07,7,17,5,13,36368.41
3567,2025-06-07,21,33,3,9,48670.11
3568,2025-06-08,23,1,1,10,28059.9
3569,2025-06-08,20,3,4,17,59482.32
3570,2025-06-08,3,15,5,14,13297.9
3571,2025-06-08,18,30,4,17,40310.57
3572,2025-06-08,15,2,6,7,21928.9
3573,2025-06-08,20,39,5,5,17869.75
3574,2025-06-08,13,34,1,13,10124.53
3575,2025-06-08,14,2,1,1,2403.05
3576,2025-06-08,15,39,3,12,45010.92
3577,2025-06-08,13,12,6,3,2046.45
3578,2025-06-08,3,30,4,4,3468.84
3579,2025-06-09,13,7,2,5,3495.0
3580,2025-06-09,24,23,2,3,17022.33
3581,2025-06-09,8,32,1,20,19355.6
3582,2025-06-09,11,11,3,6,20992.44
3583,2025-06-09,5,3,3,20,121122.8
3584,2025-06-09,5,15,3,17,109061.12
3585,2025-06-09,8,12,4,17,16378.65
3586,2025-06-09,15,22,6,6,20727.42
3587,2025-06-09,10,39,1,20,133579.2
3588,2025-06-10,19,17,3,12,49263.96
3589,2025-06-10,24,12,6,3,16110.3
3590,2025-06-10,18,22,5,19,56721.65
3591,2025-06-10,3,28,3,5,4439.3
3592,2025-06-10,21,20,3,2,9210.42
3593,2025-06-10,10,31,5,7,40705.28
3594,2025-06-10,16,9,3,11,37402.42
3595,2025-06-10,2,26,6,13,39934.44
3596,2025-06-11,12,28,4,9,7428.42
3597,2025-06-11,12,12,6,11,8430.29
3598,2025-06-11,23,36,6,8,20488.56
3599,2025-06-11,18,16,3,14,37360.54
3600,2025-06-11,7,15,5,11,32120.55
3601,2025-06-12,16,34,5,17,72415.92
3602,2025-06-12,16,20,6,18,64212.66
3603,2025-06-12,11,36,5,17,71444.37
3604,2025-06-12,22,21,5,19,74831.5
3605,2025-06-12,20,30,2,19,56065.2
3606,2025-06-12,19,31,4,17,56177.18
3607,2025-06-12,12,35,3,13,9353.76
3608,2025-06-12,16,21,6,19,71351.46
3609,2025-06-12,21,17,1,18,92210.58
3610,2025-06-13,1,39,3,1,2096.92
3611,2025-06-13,7,4,6,4,11055.4
3612,2025-06-13,6,24,6,9,5919.03
3613,2025-06-13,15,3,6,3,11046.12
3614,2025-06-13,22,39,2,20,74464.8
3615,2025-06-13,18,28,6,13,32127.03
3616,2025-06-13,4,21,6,12,28127.88
3617,2025-06-13,21,18,6,10,47990.3
3618,2025-06-14,21,21,3,18,90899.1
3619,2025-06-14,7,4,2,14,38083.5
3620,2025-06-14,6,24,6,8,5801.52
3621,2025-06-14,5,12,6,6,31023.42
3622,2025-06-14,12,17,4,18,14956.38
3623,2025-06-14,5,28,5,13,73880.3
3624,2025-06-14,13,18,5,18,12363.12
3625,2025-06-15,15,14,4,2,6824.54
3626,2025-06-15,16,1,4,15,57667.5
3627,2025-06-15,9,8,6,7,5643.54
3628,2025-06-15,22,17,6,10,40036.4
3629,2025-06-15,20,2,2,5,14983.1
3630,2025-06-15,7,12,4,10,29146.7
3631,2025-06-15,22,19,1,9,38790.27
3632,2025-06-16,15,24,6,13,45950.45
3633,2025-06-16,3,22,4,14,10769.36
3634,2025-06-16,13,35,3,3,2045.64
3635,2025-06-16,25,6,1,18,18043.74
3636,2025-06-16,2,37,6,20,60535.8
3637,2025-06-16,20,3,2,1,3098.26
3638,2025-06-17,14,15,2,14,32055.52
3639,2025-06-17,9,26,1,12,9785.52
3640,2025-06-17,10,34,4,5,30602.45
3641,2025-06-17,16,34,3,4,13676.4
3642,2025-06-17,14,28,4,20,48271.6
3643,2025-06-17,17,5,6,13,14389.57
3644,2025-06-17,1,6,1,4,9825.32
3645,2025-06-17,17,6,4,16,19098.72
3646,2025-06-17,21,16,6,4,19078.16
3647,2025-06-17,1,38,6,2,5376.62
3648,2025-06-17,1,33,4,20,47240.2
3649,2025-06-18,12,21,1,19,15564.99
3650,2025-06-18,6,36,4,9,6680.52
3651,2025-06-18,9,15,5,11,7742.57
3652,2025-06-18,20,6,1,5,16575.35
3653,2025-06-18,13,4,2,7,4881.66
3654,2025-06-18,18,27,5,14,38844.96
3655,2025-06-18,2,7,6,8,22408.0
3656,2025-06-18,8,12,1,5,5613.25
3657,2025-06-18,6,2,4,16,9576.48
3658,2025-06-18,6,22,6,9,5890.68
3659,2025-06-19,5,35,3,10,58232.2
3660,2025-06-19,5,1,3,12,72325.2
3661,2025-06-19,14,38,6,4,9495.44
3662,2025-06-19,22,13,2,10,44134.2
3663,2025-06-19,13,38,5,5,3545.95
3664,2025-06-19,5,39,3,11,65571.55
3665,2025-06-19,5,26,2,17,86687.42
3666,2025-06-19,6,7,5,8,5596.24
3667,2025-06-20,21,25,4,8,43355.84
3668,2025-06-20,14,36,2,8,17894.8
3669,2025-06-20,16,12,6,12,44077.68
3670,2025-06-20,15,22,6,8,29737.84
3671,2025-06-20,8,31,3,5,4375.9
3672,2025-06-20,11,12,4,11,38348.64
3673,2025-06-20,3,36,6,18,17614.8
3674,2025-06-20,21,22,3,8,35716.8
3675,2025-06-21,9,6,1,6,4975.38
3676,2025-06-21,17,3,2,13,15593.11
3677,2025-06-21,25,24,4,15,13998.15
3678,2025-06-21,20,16,3,10,31784.8
3679,2025-06-21,5,27,4,16,97860.48
3680,2025-06-21,24,20,4,4,19131.88
3681,2025-06-21,2,8,1,2,4886.48
3682,2025-06-21,22,21,4,5,18496.1
3683,2025-06-22,8,30,4,14,15561.56
3684,2025-06-22,18,31,5,14,35084.7
3685,2025-06-22,17,21,1,6,6527.4
3686,2025-06-22,25,14,4,1,1014.81
3687,2025-06-22,10,35,5,6,38774.58
3688,2025-06-22,6,12,5,7,5467.7
3689,2025-06-22,5,34,1,3,15127.8
3690,2025-06-22,17,7,6,11,13351.25
3691,2025-06-22,5,33,6,16,87119.2
3692,2025-06-23,8,23,1,14,12640.74
3693,2025-06-23,10,3,6,18,96080.58
3694,2025-06-23,10,23,5,8,53796.4
3695,2025-06-23,17,35,5,19,18757.75
3696,2025-06-23,18,22,3,18,50093.64
3697,2025-06-23,13,35,2,6,4936.8
3698,2025-06-23,20,34,2,19,63209.01
3699,2025-06-23,1,16,6,3,7223.82
3700,2025-06-23,5,8,2,10,50256.8
3701,2025-06-23,13,15,6,19,12567.36
3702,2025-06-24,11,40,5,2,8276.64
3703,2025-06-24,19,20,4,14,45685.92
3704,2025-06-24,14,29,1,2,4155.4
3705,2025-06-24,18,34,3,19,46458.42
3706,2025-06-24,13,30,3,16,11108.0
3707,2025-06-24,9,9,1,14,11307.38
3708,2025-06-24,24,35,2,18,83022.48
3709,2025-06-25,17,25,5,12,13786.32
3710,2025-06-25,20,20,1,13,43984.72
3711,2025-06-25,6,4,1,13,10033.53
3712,2025-06-25,23,26,3,11,25973.64
3713,2025-06-25,22,15,4,7,26905.97
3714,2025-06-25,5,11,6,16,84216.32
3715,2025-06-25,18,5,2,2,4561.98
3716,2025-06-26,16,3,1,15,61614.9
3717,2025-06-26,6,25,5,1,716.29
3718,2025-06-26,24,28,6,5,26440.4
3719,2025-06-26,20,28,1,9,26141.67
3720,2025-06-26,16,30,3,8,31652.88
3721,2025-06-26,11,3,3,7,29924.23
3722,2025-06-26,16,17,5,19,71489.02
3723,2025-06-26,18,1,4,14,36027.32
3724,2025-06-26,22,38,4,7,30260.86
3725,2025-06-26,25,11,1,8,7166.4
3726,2025-06-27,11,39,6,5,19366.6
3727,2025-06-27,15,5,5,7,27105.75
3728,2025-06-27,25,1,5,5,4303.65
3729,2025-06-27,8,11,5,7,7895.65
3730,2025-06-27,12,10,3,14,10773.84
3731,2025-06-27,9,31,1,6,5283.12
3732,2025-06-27,22,13,1,13,56287.92
3733,2025-06-28,9,16,1,4,3476.16
3734,2025-06-28,10,33,3,10,55682.0
3735,2025-06-28,5,27,3,2,12073.82
3736,2025-06-28,4,33,6,5,11462.5
3737,2025-06-28,17,12,2,15,13918.8
3738,2025-06-28,5,38,6,14,89078.5
3739,2025-06-29,3,21,5,8,7938.0
3740,2025-06-29,18,25,1,4,10727.72
3741,2025-06-29,24,4,3,15,81844.95
3742,2025-06-29,16,25,1,11,42027.7
3743,2025-06-29,22,28,3,3,11645.91
3744,2025-06-29,14,1,5,9,21284.28
3745,2025-06-29,6,25,3,6,3819.9
3746,2025-06-29,7,12,3,1,3288.1
3747,2025-06-29,10,38,5,19,120354.17
3748,2025-06-29,7,37,2,11,31833.12
3749,2025-06-30,25,1,5,10,8422.5
3750,2025-06-30,15,2,6,9,28781.37
3751,2025-06-30,24,32,1,6,33406.38
3752,2025-06-30,5,35,4,8,51468.64
3753,2025-06-30,17,31,3,7,7213.92
3754,2025-06-30,17,6,4,3,3602.64
3755,2025-06-30,2,22,6,3,7379.34
3756,2025-06-30,4,29,5,14,40049.38
3757,2025-07-01,6,18,4,2,1387.9
3758,2025-07-01,14,39,3,6,11984.22
3759,2025-07-01,17,13,1,16,15948.0
3760,2025-07-01,3,31,6,2,1810.62
3761,2025-07-01,20,13,2,5,15064.6
3762,2025-07-01,11,22,2,8,26599.2
3763,2025-07-01,10,36,6,14,79748.48
3764,2025-07-01,3,24,4,10,9009.7
3765,2025-07-01,4,37,5,20,54936.4
3766,2025-07-02,16,24,3,14,53936.12
3767,2025-07-02,22,11,5,18,61860.78
3768,2025-07-02,23,34,1,7,15510.81
3769,2025-07-02,23,28,6,6,15875.7
3770,2025-07-02,10,21,6,20,119472.0
3771,2025-07-02,17,23,2,12,11055.48
3772,2025-07-02,4,2,2,13,36344.36
3773,2025-07-03,17,3,2,9,10009.08
3774,2025-07-03,17,36,3,18,17396.82
3775,2025-07-03,3,29,6,13,13128.31
3776,2025-07-03,10,27,3,20,107930.2
3777,2025-07-03,17,7,3,9,10381.68
3778,2025-07-04,14,27,3,14,27601.56
3779,2025-07-04,22,20,5,19,77522.09
3780,2025-07-04,11,17,1,17,63701.89
3781,2025-07-04,11,19,5,3,12044.76
3782,2025-07-04,9,6,1,16,14044.8
3783,2025-07-04,19,17,2,5,19295.05
3784,2025-07-04,5,33,5,7,45490.48
3785,2025-07-04,4,15,3,11,29016.35
3786,2025-07-05,21,39,2,2,10502.88
3787,2025-07-05,5,32,2,16,80101.76
3788,2025-07-05,25,35,4,7,5929.7
3789,2025-07-05,14,10,4,16,36492.8
3790,2025-07-05,19,25,6,19,65249.61
3791,2025-07-05,2,37,4,4,12528.44
3792,2025-07-05,16,15,3,9,28999.26
3793,2025-07-05,6,36,5,5,3155.1
3794,2025-07-05,1,37,1,16,40711.04
3795,2025-07-06,20,27,4,16,49797.28
3796,2025-07-06,12,40,2,10,7609.5
3797,2025-07-06,19,4,3,18,74032.92
3798,2025-07-06,24,20,5,5,24311.0
3799,2025-07-06,6,35,1,15,11805.75
3800,2025-07-06,8,12,6,10,11198.5
3801,2025-07-06,14,17,6,15,29916.6
3802,2025-07-07,1,31,3,2,4877.26
3803,2025-07-07,2,39,1,18,42972.12
3804,2025-07-07,13,6,4,10,7661.3
3805,2025-07-07,10,15,1,13,71065.28
3806,2025-07-07,16,14,1,14,58037.98
3807,2025-07-07,25,6,2,2,2107.96
3808,2025-07-07,1,9,3,12,25682.28
3809,2025-07-07,9,7,6,15,10971.3
3810,2025-07-08,1,38,5,7,17808.42
3811,2025-07-08,22,37,4,11,38487.02
3812,2025-07-08,18,7,4,19,46198.69
3813,2025-07-08,25,1,4,19,16023.08
3814,2025-07-08,10,12,6,13,71111.43
3815,2025-07-08,2,21,4,17,52609.22
3816,2025-07-08,10,20,3,13,85087.34
3817,2025-07-08,12,1,5,4,2746.64
3818,2025-07-08,22,1,2,12,50551.32
3819,2025-07-08,14,20,1,5,11771.55
3820,2025-07-08,2,10,1,14,36847.16
3821,2025-07-09,6,19,4,1,682.98
3822,2025-07-09,4,5,4,17,47955.81
3823,2025-07-09,8,19,5,19,18955.16
3824,2025-07-09,14,10,4,17,39669.84
3825,2025-07-09,13,21,1,8,6599.68
3826,2025-07-10,16,29,5,13,44918.12
3827,2025-07-10,17,34,1,4,4619.68
3828,2025-07-10,9,6,5,10,7554.1
3829,2025-07-10,22,24,6,13,52246.09
3830,2025-07-10,25,38,3,7,6044.43
3831,2025-07-10,13,3,6,10,8143.7
3832,2025-07-10,11,37,5,20,79010.8
3833,2025-07-10,14,5,6,20,43920.4
3834,2025-07-10,22,27,2,7,24135.3
3835,2025-07-10,10,22,2,8,52641.68
3836,2025-07-11,19,36,1,7,22753.15
3837,2025-07-11,15,3,6,12,49123.32
3838,2025-07-11,23,37,6,11,28504.52
3839,2025-07-11,22,24,1,2,7093.16
3840,2025-07-11,23,36,4,12,28371.36
3841,2025-07-11,21,16,3,4,21639.4
3842,2025-07-11,20,4,1,9,32634.54
3843,2025-07-12,2,13,5,2,5461.86
3844,2025-07-12,6,7,3,12,7397.04
3845,2025-07-12,15,12,6,11,34557.82
3846,2025-07-12,6,3,3,16,9814.4
3847,2025-07-12,14,36,4,1,2329.46
3848,2025-07-12,2,27,3,8,21780.56
3849,2025-07-12,19,6,6,2,7896.14
3850,2025-07-12,17,14,6,18,17227.98
3851,2025-07-13,5,10,4,18,93804.84
3852,2025-07-13,25,32,1,8,8396.4
3853,2025-07-13,18,2,6,3,8600.13
3854,2025-07-13,8,38,2,7,6933.01
3855,2025-07-13,13,36,1,14,11368.28
3856,2025-07-13,25,11,2,1,973.3
3857,2025-07-13,5,28,6,8,44393.84
3858,2025-07-13,5,9,2,8,43255.6
3859,2025-07-13,12,28,3,11,7298.5
3860,2025-07-13,1,35,3,20,42089.4
3861,2025-07-13,18,1,2,9,25594.29
3862,2025-07-14,23,18,2,11,25292.74
3863,2025-07-14,3,37,4,18,15411.42
3864,2025-07-14,17,35,2,20,19999.2
3865,2025-07-14,1,11,2,19,50693.71
3866,2025-07-14,14,20,3,19,45892.79
3867,2025-07-14,25,5,5,20,18227.8
3868,2025-07-14,21,31,2,19,82924.17
3869,2025-07-14,2,4,4,16,44913.6
3870,2025-07-14,25,12,2,7,6011.25
3871,2025-07-14,25,22,4,14,14069.86
3872,2025-07-15,4,12,1,12,35616.84
3873,2025-07-15,17,21,5,10,11015.7
3874,2025-07-15,23,3,5,20,55330.2
3875,2025-07-15,6,12,3,12,8471.04
3876,2025-07-15,8,27,4,15,14845.35
3877,2025-07-15,1,11,3,15,35028.9
3878,2025-07-15,19,35,6,9,31772.43
3879,2025-07-15,11,29,6,14,48674.78
3880,2025-07-15,3,31,2,1,843.89
3881,2025-07-15,10,36,2,16,103672.16
3882,2025-07-15,19,3,6,8,26478.32
3883,2025-07-15,9,40,3,11,10050.37
3884,2025-07-16,20,35,5,11,42197.21
3885,2025-07-16,1,28,1,20,44516.6
3886,2025-07-16,21,28,2,16,68818.08
3887,2025-07-17,4,31,4,17,43131.55
3888,2025-07-17,10,14,1,8,47116.32
3889,2025-07-17,3,1,1,20,19685.2
3890,2025-07-17,17,37,1,9,10991.34
3891,2025-07-17,17,12,6,10,10694.1
3892,2025-07-17,3,11,6,15,14914.5
3893,2025-07-17,5,15,2,10,54885.1
3894,2025-07-17,11,2,1,12,51190.44
3895,2025-07-18,2,18,5,10,30863.6
3896,2025-07-18,13,38,6,10,8431.1
3897,2025-07-18,19,6,6,16,63451.84
3898,2025-07-18,4,32,5,8,18602.24
3899,2025-07-18,24,12,1,7,31653.37
3900,2025-07-18,23,34,5,15,41877.9
3901,2025-07-18,21,37,1,17,88966.95
3902,2025-07-19,12,32,5,15,10301.4
3903,2025-07-19,9,31,6,10,9029.6
3904,2025-07-19,7,15,4,19,63070.69
3905,2025-07-19,23,8,3,9,20397.78
3906,2025-07-19,17,20,5,5,5920.3
3907,2025-07-19,24,40,3,9,46369.89
3908,2025-07-19,14,25,4,13,24429.6
3909,2025-07-19,9,35,5,4,3607.12
3910,2025-07-19,10,5,2,11,63782.18
3911,2025-07-20,25,21,3,19,17097.15
3912,2025-07-20,6,35,3,17,12764.28
3913,2025-07-20,18,34,3,7,20793.22
3914,2025-07-20,6,26,4,1,646.86
3915,2025-07-20,5,21,1,1,5458.24
3916,2025-07-20,23,21,6,14,36701.0
3917,2025-07-20,13,5,6,13,9512.36
3918,2025-07-20,15,36,1,12,48073.08
3919,2025-07-21,8,28,5,12,11182.68
3920,2025-07-21,7,31,6,12,37835.64
3921,2025-07-21,9,40,6,4,3587.52
3922,2025-07-21,1,9,1,10,25584.2
3923,2025-07-21,9,35,3,16,12181.12
3924,2025-07-21,7,4,1,13,37764.09
3925,2025-07-22,14,10,5,12,28093.68
3926,2025-07-22,24,20,3,3,13264.98
3927,2025-07-22,22,32,6,14,59559.5
3928,2025-07-22,22,6,3,15,54359.4
3929,2025-07-22,18,36,1,7,17079.79
3930,2025-07-22,11,22,5,18,64999.62
3931,2025-07-22,17,23,5,6,5971.8
3932,2025-07-22,13,3,4,8,5723.84
3933,2025-07-22,10,25,4,9,57760.83
3934,2025-07-22,3,37,6,12,11616.96
3935,2025-07-22,18,20,2,9,21121.29
3936,2025-07-23,15,25,6,10,37817.8
3937,2025-07-23,18,34,3,18,44142.84
3938,2025-07-23,4,37,2,19,46931.52
3939,2025-07-23,7,31,2,3,9573.15
3940,2025-07-23,17,15,3,10,11276.1
3941,2025-07-23,7,14,3,2,5636.58
3942,2025-07-24,22,23,3,9,38811.69
3943,2025-07-24,19,40,2,11,39186.51
3944,2025-07-24,2,26,5,12,35346.6
3945,2025-07-24,14,14,2,16,36547.04
3946,2025-07-24,16,6,3,13,44191.81
3947,2025-07-24,21,30,4,12,62600.4
3948,2025-07-24,18,3,5,5,12834.95
3949,2025-07-24,3,21,5,2,2032.54
3950,2025-07-24,12,34,1,19,13790.2
3951,2025-07-25,7,15,1,15,48501.75
3952,2025-07-25,3,8,5,10,8932.8
3953,2025-07-25,6,22,4,18,14119.02
3954,2025-07-25,15,14,2,19,70375.81
3955,2025-07-25,25,25,6,9,9679.5
3956,2025-07-25,17,17,2,17,19152.54
3957,2025-07-25,22,5,5,9,39220.83
3958,2025-07-26,14,27,3,9,19918.44
3959,2025-07-26,2,5,2,15,39000.45
3960,2025-07-26,11,22,1,16,65720.16
3961,2025-07-26,22,34,6,5,17949.9
3962,2025-07-26,12,3,6,9,6335.55
3963,2025-07-26,8,17,4,20,17406.4
3964,2025-07-26,1,35,6,14,33881.26
3965,2025-07-27,8,22,1,6,5222.16
3966,2025-07-27,16,9,5,15,58682.55
3967,2025-07-27,4,7,6,10,27001.7
3968,2025-07-27,11,40,3,13,46364.37
3969,2025-07-27,8,20,1,17,16423.87
3970,2025-07-27,20,2,5,6,21980.34
3971,2025-07-27,11,3,4,15,56846.25
3972,2025-07-27,18,11,1,12,30521.4
3973,2025-07-27,7,33,2,17,45496.93
3974,2025-07-27,13,35,3,4,3298.84
3975,2025-07-27,15,28,1,16,56340.0
3976,2025-07-28,7,8,2,14,45748.22
3977,2025-07-28,11,12,2,7,24367.42
3978,2025-07-28,16,7,6,19,75625.13
3979,2025-07-29,2,12,4,17,46506.73
3980,2025-07-29,15,33,1,6,20715.06
3981,2025-07-29,4,35,6,2,4889.34
3982,2025-07-29,12,19,3,12,8646.84
3983,2025-07-29,24,27,6,6,30906.06
3984,2025-07-29,13,25,3,9,5757.3
3985,2025-07-29,25,29,5,12,11166.48
3986,2025-07-30,17,9,5,13,15331.94
3987,2025-07-30,3,40,4,18,16086.42
3988,2025-07-30,23,3,6,14,39319.42
3989,2025-07-30,6,40,6,11,8659.09
3990,2025-07-30,18,25,2,3,8364.66
3991,2025-07-30,8,16,2,10,10032.7
3992,2025-07-30,1,18,6,6,12411.24
3993,2025-07-30,17,1,3,15,13872.9
3994,2025-07-31,24,25,4,7,37142.14
3995,2025-07-31,4,12,1,9,23186.79
3996,2025-07-31,14,6,6,15,32132.1
3997,2025-07-31,2,6,1,12,37597.32
3998,2025-07-31,25,40,3,10,9179.9
3999,2025-07-31,7,29,6,14,40472.18
4000,2025-07-31,21,31,2,18,85488.66
4001,2025-07-31,2,30,6,14,39758.74
4002,2025-08-01,17,17,3,9,8426.79
4003,2025-08-01,1,37,1,8,19185.84
4004,2025-08-01,2,22,1,6,18390.18
4005,2025-08-01,18,23,1,7,20665.05
4006,2025-08-01,15,31,1,3,11099.19
4007,2025-08-01,19,8,1,11,35824.03
4008,2025-08-01,24,36,6,14,67934.02
4009,2025-08-01,16,31,4,17,66637.62
4010,2025-08-01,25,7,3,13,12656.67
4011,2025-08-01,15,8,5,1,3678.16
4012,2025-08-01,21,7,2,15,71185.65
4013,2025-08-01,7,27,2,18,53283.24
4014,2025-08-01,19,8,1,14,52064.18
4015,2025-08-02,10,4,1,20,122784.0
4016,2025-08-02,5,11,2,2,10506.72
4017,2025-08-02,7,38,3,7,19743.36
4018,2025-08-02,24,9,2,8,40798.32
4019,2025-08-02,22,12,5,8,35087.52
4020,2025-08-02,13,18,2,6,3940.08
4021,2025-08-02,3,33,5,6,4707.96
4022,2025-08-02,12,21,4,20,16146.8
4023,2025-08-02,24,15,6,8,45334.08
4024,2025-08-02,10,3,3,7,44263.1
4025,2025-08-03,8,16,5,20,21136.8
4026,2025-08-03,17,34,2,15,15734.7
4027,2025-08-03,7,26,1,1,2669.94
4028,2025-08-03,15,31,3,10,37134.9
4029,2025-08-03,13,23,1,12,8607.0
4030,2025-08-03,9,6,3,2,1516.96
4031,2025-08-03,19,19,2,8,28758.88
4032,2025-08-03,11,9,2,8,31194.8
4033,2025-08-04,21,36,5,10,46296.7
4034,2025-08-04,17,34,4,4,4838.16
4035,2025-08-04,3,11,4,3,2358.57
4036,2025-08-04,20,21,4,18,67609.26
4037,2025-08-04,22,4,5,2,7173.46
4038,2025-08-04,11,34,6,18,64478.52
4039,2025-08-05,11,40,6,5,21505.05
4040,2025-08-05,10,30,6,9,57827.43
4041,2025-08-05,10,14,2,10,66595.0
4042,2025-08-05,25,40,3,2,1746.34
4043,2025-08-05,1,8,3,13,30337.06
4044,2025-08-05,3,27,4,16,12337.12
4045,2025-08-05,1,19,2,12,30906.24
4046,2025-08-06,25,39,6,4,3990.64
4047,2025-08-06,8,15,2,14,15094.52
4048,2025-08-06,12,2,5,5,3798.8
4049,2025-08-06,17,14,1,20,21008.6
4050,2025-08-06,13,35,3,18,12949.74
4051,2025-08-06,8,8,6,12,13615.56
4052,2025-08-06,17,25,6,1,950.43
4053,2025-08-06,22,11,4,18,74695.86
4054,2025-08-06,24,8,2,15,76209.75
4055,2025-08-06,4,39,4,14,40779.76
4056,2025-08-07,12,24,5,6,4117.44
4057,2025-08-07,17,15,4,18,16723.98
4058,2025-08-07,3,37,1,16,14909.92
4059,2025-08-07,24,16,1,9,41484.96
4060,2025-08-07,7,34,4,7,18577.16
4061,2025-08-07,22,21,4,11,42142.76
4062,2025-08-07,11,7,3,7,26303.83
4063,2025-08-07,23,27,6,6,13913.04
4064,2025-08-07,9,38,1,6,4461.3
4065,2025-08-08,24,8,6,8,44699.52
4066,2025-08-08,7,34,3,7,20319.32
4067,2025-08-08,24,38,3,18,78989.76
4068,2025-08-08,21,8,6,6,29511.42
4069,2025-08-08,9,23,2,15,12852.75
4070,2025-08-08,16,30,4,8,31235.36
4071,2025-08-08,4,5,6,12,34559.76
4072,2025-08-08,18,3,4,13,33831.72
4073,2025-08-08,10,14,4,17,87541.5
4074,2025-08-08,6,18,1,18,13737.42
4075,2025-08-09,21,39,4,3,15766.74
4076,2025-08-09,22,9,1,10,33398.0
4077,2025-08-09,23,21,4,18,50054.58
4078,2025-08-09,23,30,3,4,11609.68
4079,2025-08-09,18,12,1,19,46588.0
4080,2025-08-09,13,30,5,17,13271.22
4081,2025-08-09,11,26,1,12,51478.08
4082,2025-08-10,23,26,6,6,16496.94
4083,2025-08-10,15,15,4,5,17602.65
4084,2025-08-10,22,28,6,3,10869.72
4085,2025-08-10,20,28,6,8,24346.24
4086,2025-08-10,9,28,2,19,17429.65
4087,2025-08-10,4,35,6,18,49931.1
4088,2025-08-11,16,29,1,16,59778.72
4089,2025-08-11,1,17,6,14,35505.96
4090,2025-08-11,15,11,4,15,55293.0
4091,2025-08-11,18,21,3,5,11479.4
4092,2025-08-11,10,14,3,9,61636.95
4093,2025-08-11,7,7,2,12,32720.28
4094,2025-08-12,13,19,3,12,7851.48
4095,2025-08-12,24,20,5,13,69239.56
4096,2025-08-12,10,15,2,4,23127.32
4097,2025-08-12,23,37,6,6,14297.46
4098,2025-08-12,4,19,1,3,7452.93
4099,2025-08-12,18,34,1,15,38052.9
4100,2025-08-12,9,39,1,16,11981.12
4101,2025-08-12,17,36,2,8,7584.64
4102,2025-08-12,12,12,5,9,6020.28
4103,2025-08-12,17,37,5,15,14794.05
4104,2025-08-12,21,9,6,12,57629.4
4105,2025-08-13,16,15,6,11,46164.25
4106,2025-08-13,8,17,3,13,14044.55
4107,2025-08-13,22,28,5,8,31320.32
4108,2025-08-13,3,24,1,18,15637.32
4109,2025-08-13,5,12,3,10,51921.6
4110,2025-08-13,3,39,3,13,11791.0
4111,2025-08-13,9,34,1,5,4439.95
4112,2025-08-13,5,10,6,7,45036.81
4113,2025-08-13,3,11,4,8,6378.72
4114,2025-08-13,23,18,4,9,21793.77
4115,2025-08-14,17,17,2,11,11485.87
4116,2025-08-14,5,26,2,13,76963.64
4117,2025-08-14,16,40,4,12,44339.16
4118,2025-08-14,6,20,4,9,6812.82
4119,2025-08-14,14,20,5,11,25674.22
4120,2025-08-14,25,37,4,4,3870.04
4121,2025-08-14,10,22,5,1,5447.79
4122,2025-08-14,13,9,1,6,4855.32
4123,2025-08-14,18,14,2,7,16053.73
4124,2025-08-14,16,36,2,13,43976.53
4125,2025-08-14,3,13,5,17,13910.08
4126,2025-08-15,6,30,6,9,6489.63
4127,2025-08-15,24,4,5,12,57457.44
4128,2025-08-15,1,34,5,19,42160.05
4129,2025-08-15,18,1,2,1,2822.49
4130,2025-08-15,16,32,3,18,75043.08
4131,2025-08-15,23,5,2,5,13012.65
4132,2025-08-15,10,13,3,6,32535.96
4133,2025-08-15,22,20,3,8,27301.44
4134,2025-08-15,21,32,3,9,44396.19
4135,2025-08-15,12,3,3,20,15037.6
4136,2025-08-15,2,19,5,13,40871.35
4137,2025-08-15,12,20,3,16,13850.56
4138,2025-08-16,3,26,4,12,11869.56
4139,2025-08-16,21,9,2,12,56562.0
4140,2025-08-16,8,35,4,9,9697.05
4141,2025-08-16,22,37,5,9,37260.63
4142,2025-08-16,22,12,5,7,24811.99
4143,2025-08-16,14,15,6,10,23707.7
4144,2025-08-17,24,9,2,4,22669.72
4145,2025-08-17,21,3,6,1,5393.76
4146,2025-08-17,9,39,1,2,1733.94
4147,2025-08-17,12,18,6,9,7688.88
4148,2025-08-17,15,37,4,9,28989.63
4149,2025-08-17,22,3,2,17,69569.78
4150,2025-08-17,21,39,5,16,69569.92
4151,2025-08-17,2,19,2,20,58013.6
4152,2025-08-17,19,16,4,18,59542.56
4153,2025-08-18,21,40,5,3,15235.92
4154,2025-08-18,3,23,3,9,7355.43
4155,2025-08-18,1,22,6,14,30293.62
4156,2025-08-18,10,31,6,3,18137.97
4157,2025-08-18,13,1,2,9,6313.5
4158,2025-08-19,21,24,1,4,22473.76
4159,2025-08-19,7,20,4,4,10852.2
4160,2025-08-19,1,14,6,5,10630.3
4161,2025-08-19,25,14,1,11,10251.34
4162,2025-08-19,20,38,2,19,65441.51
4163,2025-08-19,20,16,3,2,7379.46
4164,2025-08-19,9,15,5,5,3721.3
4165,2025-08-19,12,17,1,9,5965.74
4166,2025-08-19,17,21,3,15,17330.1
4167,2025-08-19,15,13,3,14,47306.28
4168,2025-08-20,18,20,2,11,27257.23
4169,2025-08-20,6,23,1,6,4378.62
4170,2025-08-20,15,40,4,6,21923.04
4171,2025-08-20,8,14,1,13,12836.72
4172,2025-08-20,21,4,3,15,78337.35
4173,2025-08-20,21,20,3,10,50007.5
4174,2025-08-20,9,23,1,8,6368.32
4175,2025-08-20,6,21,6,8,6131.2
4176,2025-08-21,3,39,1,14,12450.62
4177,2025-08-21,1,35,2,14,34666.1
4178,2025-08-21,13,40,2,18,15002.28
4179,2025-08-21,23,33,1,16,39197.44
4180,2025-08-21,2,36,1,6,17610.72
4181,2025-08-21,2,16,2,13,31127.46
4182,2025-08-21,16,22,2,5,17037.55
4183,2025-08-21,23,11,3,2,4866.36
4184,2025-08-22,23,24,4,3,7982.85
4185,2025-08-22,23,19,1,5,11784.9
4186,2025-08-22,8,38,5,17,16246.9
4187,2025-08-22,18,35,4,16,41612.64
4188,2025-08-22,12,28,2,11,8373.75
4189,2025-08-22,21,12,4,15,80251.2
4190,2025-08-22,20,12,5,2,6403.24
4191,2025-08-22,25,39,3,15,15945.45
4192,2025-08-22,17,23,1,6,6516.24
4193,2025-08-22,8,29,1,14,13058.92
4194,2025-08-23,8,17,6,12,12472.56
4195,2025-08-23,1,2,4,18,41034.42
4196,2025-08-23,4,32,2,1,2457.34
4197,2025-08-23,19,31,3,19,70563.53
4198,2025-08-23,14,30,2,6,11773.02
4199,2025-08-23,10,16,4,8,49576.0
4200,2025-08-23,14,32,6,6,13546.92
4201,2025-08-23,23,1,1,18,47983.68
4202,2025-08-23,17,26,2,14,15656.9
4203,2025-08-24,16,21,5,6,22861.98
4204,2025-08-24,6,30,1,19,11457.57
4205,2025-08-24,14,1,5,19,41624.44
4206,2025-08-24,1,22,4,9,18375.75
4207,2025-08-24,25,40,2,2,1768.78
4208,2025-08-24,18,8,6,17,44718.67
4209,2025-08-24,15,6,2,19,77146.27
4210,2025-08-24,24,21,5,19,89629.65
4211,2025-08-25,4,8,1,20,54320.0
4212,2025-08-25,21,11,6,9,43739.91
4213,2025-08-25,9,1,3,6,5320.92
4214,2025-08-25,2,3,3,16,42976.96
4215,2025-08-25,23,14,6,3,7818.15
4216,2025-08-25,18,8,2,2,4651.26
4217,2025-08-25,25,19,1,16,14660.32
4218,2025-08-25,21,32,1,9,40011.03
4219,2025-08-25,18,19,2,18,48078.9
4220,2025-08-25,8,16,3,9,8500.59
4221,2025-08-25,13,17,1,6,4744.8
4222,2025-08-26,5,24,5,2,11602.36
4223,2025-08-26,8,8,2,18,15520.5
4224,2025-08-26,16,30,1,20,73800.8
4225,2025-08-26,24,33,4,18,89603.82
4226,2025-08-26,21,24,6,3,16148.52
4227,2025-08-26,4,2,1,5,13737.95
4228,2025-08-26,17,35,2,16,15876.8
4229,2025-08-27,21,31,5,3,16635.33
4230,2025-08-27,10,26,1,7,36282.54
4231,2025-08-27,21,24,5,12,68329.32
4232,2025-08-27,9,9,3,17,14309.07
4233,2025-08-27,20,12,4,7,25862.48
4234,2025-08-27,20,14,2,20,68039.8
4235,2025-08-27,14,38,1,5,11995.5
4236,2025-08-27,11,25,6,9,38838.33
4237,2025-08-28,3,18,4,18,17351.64
4238,2025-08-28,15,27,2,15,55782.15
4239,2025-08-28,12,6,5,11,8676.03
4240,2025-08-28,5,21,1,13,75138.57
4241,2025-08-28,22,5,3,2,7370.02
4242,2025-08-28,2,33,1,17,53206.43
4243,2025-08-28,5,36,3,12,60652.2
4244,2025-08-28,14,35,3,6,11280.48
4245,2025-08-28,17,1,4,19,21556.07
4246,2025-08-29,17,34,2,4,4156.8
4247,2025-08-29,7,21,2,5,13479.25
4248,2025-08-29,25,3,3,20,18610.8
4249,2025-08-29,5,3,3,12,67550.76
4250,2025-08-29,21,28,6,11,47233.67
4251,2025-08-29,25,22,4,13,12587.9
4252,2025-08-29,8,21,3,1,1023.77
4253,2025-08-29,22,17,6,7,28299.53
4254,2025-08-30,13,10,5,18,14272.2
4255,2025-08-30,5,35,2,16,99673.76
4256,2025-08-30,2,32,4,20,62994.4
4257,2025-08-30,7,29,2,4,11928.72
4258,2025-08-30,22,28,1,16,54534.88
4259,2025-08-30,14,35,4,11,26589.31
4260,2025-08-30,11,26,5,16,57519.68
4261,2025-08-30,17,32,4,20,23812.8
4262,2025-08-31,22,5,6,12,44927.76
4263,2025-08-31,12,29,5,16,11048.0
4264,2025-08-31,25,13,2,1,1000.37
4265,2025-08-31,20,18,3,6,22981.74
4266,2025-09-01,23,35,4,14,32485.04
4267,2025-09-01,20,40,2,12,40783.92
4268,2025-09-01,25,37,1,12,10135.8
4269,2025-09-01,9,19,6,16,13964.64
4270,2025-09-01,17,34,6,17,19877.59
4271,2025-09-02,13,20,3,17,11277.63
4272,2025-09-02,22,8,6,1,3954.48
4273,2025-09-02,7,29,5,13,39836.81
4274,2025-09-02,7,21,1,10,29448.0
4275,2025-09-02,2,30,4,9,22106.07
4276,2025-09-02,13,34,2,15,11922.15
4277,2025-09-03,21,37,6,12,63570.36
4278,2025-09-03,17,27,1,3,3086.85
4279,2025-09-03,19,36,2,9,31495.77
4280,2025-09-03,5,31,4,12,67484.16
4281,2025-09-03,1,11,6,2,4809.9
4282,2025-09-03,16,11,6,3,10956.0
4283,2025-09-04,15,31,5,19,67489.14
4284,2025-09-04,11,27,5,4,13798.44
4285,2025-09-04,8,16,6,17,17299.37
4286,2025-09-04,17,4,6,15,15104.7
4287,2025-09-04,25,5,1,11,10146.73
4288,2025-09-04,18,30,3,20,47502.2
4289,2025-09-04,6,2,1,13,9179.82
4290,2025-09-04,6,38,1,13,8613.54
4291,2025-09-04,19,3,3,16,65955.04
4292,2025-09-04,8,38,3,15,15871.05
4293,2025-09-04,5,2,2,6,39066.36
4294,2025-09-05,5,8,6,7,37008.58
4295,2025-09-05,25,3,3,18,17486.28
4296,2025-09-05,20,24,3,18,67405.68
4297,2025-09-05,23,29,5,5,11978.25
4298,2025-09-05,14,35,2,19,36165.93
4299,2025-09-05,21,20,4,10,53933.0
4300,2025-09-05,16,7,3,19,77780.3
4301,2025-09-05,15,5,6,19,75822.35
4302,2025-09-05,14,6,6,4,7628.68
4303,2025-09-05,8,18,3,20,22711.0
4304,2025-09-05,19,15,4,12,44194.56
4305,2025-09-06,3,15,1,9,7709.4
4306,2025-09-06,17,20,4,20,21417.0
4307,2025-09-06,21,30,5,13,68787.03
4308,2025-09-06,6,37,6,1,760.45
4309,2025-09-06,25,23,1,4,3378.36
4310,2025-09-06,17,31,3,8,7499.84
4311,2025-09-06,17,39,5,19,23285.45
4312,2025-09-06,15,30,4,16,53089.6
4313,2025-09-07,20,7,5,7,24306.03
4314,2025-09-07,19,35,2,2,8425.56
4315,2025-09-07,6,7,4,2,1306.12
4316,2025-09-07,16,33,5,3,11974.56
4317,2025-09-07,7,31,4,6,17241.18
4318,2025-09-07,21,29,4,9,47994.12
4319,2025-09-07,6,30,4,6,4598.76
4320,2025-09-07,7,25,3,6,18711.96
4321,2025-09-07,4,36,2,5,14580.85
4322,2025-09-07,17,5,6,20,24335.4
4323,2025-09-07,25,11,2,15,13265.4
4324,2025-09-08,21,19,2,14,66208.94
4325,2025-09-08,7,8,2,16,49931.52
4326,2025-09-08,23,40,2,5,14456.9
4327,2025-09-08,13,17,5,10,7003.0
4328,2025-09-08,1,2,6,6,15395.34
4329,2025-09-08,5,1,5,10,61369.2
4330,2025-09-08,23,28,2,12,33171.36
4331,2025-09-08,15,40,5,12,44660.88
4332,2025-09-08,1,30,1,9,22506.57
4333,2025-09-09,15,28,2,13,41552.16
4334,2025-09-09,16,31,2,6,23533.32
4335,2025-09-09,3,27,2,4,3207.76
4336,2025-09-09,14,28,2,11,24271.61
4337,2025-09-09,1,26,3,20,44250.2
4338,2025-09-09,5,19,4,8,51432.32
4339,2025-09-09,24,38,2,14,67334.54
4340,2025-09-09,15,19,2,15,54461.1
4341,2025-09-10,9,24,2,8,6569.68
4342,2025-09-10,6,29,4,3,1943.16
4343,2025-09-10,24,39,3,9,51894.72
4344,2025-09-10,7,39,3,9,26762.94
4345,2025-09-10,2,39,3,13,36289.5
4346,2025-09-10,6,36,3,14,9329.18
4347,2025-09-10,9,31,4,14,10829.28
4348,2025-09-10,6,26,4,15,9299.7
4349,2025-09-10,14,10,3,10,19536.0
4350,2025-09-10,22,30,6,7,25418.82
4351,2025-09-10,15,12,1,13,53096.16
4352,2025-09-10,1,20,2,3,7777.32
4353,2025-09-11,4,6,6,14,40206.74
4354,2025-09-11,6,16,2,4,2529.64
4355,2025-09-11,6,18,6,19,14521.51
4356,2025-09-11,4,14,2,20,51064.4
4357,2025-09-11,7,6,3,13,33305.61
4358,2025-09-11,10,37,4,18,114719.94
4359,2025-09-11,16,37,4,10,35191.9
4360,2025-09-12,7,6,2,10,29018.5
4361,2025-09-12,15,3,1,12,42628.56
4362,2025-09-12,10,38,2,19,108373.91
4363,2025-09-12,25,18,2,10,10486.9
4364,2025-09-12,4,37,4,9,24028.56
4365,2025-09-12,10,31,5,16,102165.76
4366,2025-09-12,5,8,3,19,124527.33
4367,2025-09-12,19,10,3,17,66215.68
4368,2025-09-12,24,9,2,19,110583.23
4369,2025-09-12,18,22,2,13,36792.73
4370,2025-09-13,5,13,2,16,80924.48
4371,2025-09-13,25,24,5,17,16443.08
4372,2025-09-13,13,24,1,16,11398.56
4373,2025-09-13,18,8,3,2,5143.5
4374,2025-09-13,2,1,6,8,23763.2
4375,2025-09-13,6,14,1,7,5072.34
4376,2025-09-13,3,34,2,1,866.17
4377,2025-09-13,18,3,2,11,27072.98
4378,2025-09-13,23,9,4,12,29493.12
4379,2025-09-13,1,40,6,6,14829.54
4380,2025-09-14,2,8,4,4,10930.28
4381,2025-09-14,10,4,5,19,114380.0
4382,2025-09-14,24,10,2,6,34422.48
4383,2025-09-14,24,8,4,13,67273.7
4384,2025-09-14,12,30,3,18,14544.9
4385,2025-09-14,3,32,6,13,10704.07
4386,2025-09-14,18,16,4,16,44695.04
4387,2025-09-14,10,31,4,12,62497.56
4388,2025-09-14,19,37,6,5,18550.05
4389,2025-09-14,19,34,3,2,7501.16
4390,2025-09-15,19,35,4,16,56708.8
4391,2025-09-15,10,28,1,20,108846.4
4392,2025-09-15,22,40,3,11,40174.09
4393,2025-09-15,25,21,1,18,14896.8
4394,2025-09-15,8,23,1,15,16503.3
4395,2025-09-15,17,22,6,20,22464.2
4396,2025-09-15,21,7,2,9,51074.91
4397,2025-09-15,21,14,4,17,88931.42
4398,2025-09-15,17,17,6,6,6928.8
4399,2025-09-15,17,20,6,14,15143.1
4400,2025-09-15,14,10,3,1,2360.85
4401,2025-09-15,10,6,2,19,102369.53
4402,2025-09-16,5,36,2,15,78530.85
4403,2025-09-16,15,15,5,13,52121.03
4404,2025-09-16,13,8,6,15,10611.6
4405,2025-09-16,16,7,3,12,48225.24
4406,2025-09-16,24,2,2,17,78612.76
4407,2025-09-16,24,13,6,1,4831.79
4408,2025-09-16,8,5,2,2,2019.12
4409,2025-09-16,2,1,4,18,47727.9
4410,2025-09-16,23,9,5,15,40707.3
4411,2025-09-17,23,38,6,4,11145.68
4412,2025-09-17,8,17,2,12,13715.16
4413,2025-09-17,22,19,1,3,11563.5
4414,2025-09-17,12,34,5,5,4271.5
4415,2025-09-17,7,2,5,18,59581.62
4416,2025-09-17,2,11,4,4,11775.64
4417,2025-09-17,20,22,2,4,15194.4
4418,2025-09-17,2,4,1,16,46239.52
4419,2025-09-17,25,24,6,5,4362.4
4420,2025-09-17,1,28,3,18,41249.52
4421,2025-09-17,20,5,6,4,14695.52
4422,2025-09-17,23,23,1,4,11358.08
4423,2025-09-17,14,22,6,12,28896.72
4424,2025-09-18,4,13,4,3,8088.81
4425,2025-09-18,21,15,2,18,101897.46
4426,2025-09-18,23,5,2,10,22970.9
4427,2025-09-18,4,34,5,18,52156.08
4428,2025-09-18,19,31,5,19,63395.21
4429,2025-09-18,2,5,4,13,38220.78
4430,2025-09-19,18,5,4,6,15273.9
4431,2025-09-19,9,8,3,5,4404.6
4432,2025-09-19,24,26,6,12,61567.2
4433,2025-09-19,5,30,6,2,12639.46
4434,2025-09-19,23,4,4,18,47114.28
4435,2025-09-19,22,4,3,18,79339.86
4436,2025-09-19,20,21,6,3,10983.15
4437,2025-09-19,5,36,1,13,64377.56
4438,2025-09-20,3,39,2,1,876.62
4439,2025-09-20,13,1,3,2,1313.0
4440,2025-09-20,13,15,5,14,11142.6
4441,2025-09-20,2,30,1,12,35511.84
4442,2025-09-20,25,18,5,5,4996.95
4443,2025-09-20,5,20,2,1,5205.0
4444,2025-09-20,20,29,5,4,11594.28
4445,2025-09-20,11,8,6,17,70452.76
4446,2025-09-20,23,16,1,6,16061.76
4447,2025-09-21,24,3,6,5,27330.9
4448,2025-09-21,11,3,5,9,30293.73
4449,2025-09-21,21,14,4,8,37571.04
4450,2025-09-21,1,30,3,12,31038.6
4451,2025-09-21,15,35,1,16,54315.04
4452,2025-09-21,2,15,2,7,21014.14
4453,2025-09-21,24,21,4,7,31552.85
4454,2025-09-21,10,33,5,19,102700.89
4455,2025-09-21,2,19,6,9,22907.25
4456,2025-09-21,10,24,5,11,74522.69
4457,2025-09-22,1,40,4,5,11662.65
4458,2025-09-22,16,16,1,10,33904.1
4459,2025-09-22,13,33,3,10,8050.5
4460,2025-09-22,4,5,4,13,29180.58
4461,2025-09-22,19,29,1,3,11623.92
4462,2025-09-22,14,6,2,17,41135.75
4463,2025-09-22,7,17,1,11,35426.71
4464,2025-09-22,1,28,3,19,50156.39
4465,2025-09-22,7,35,3,19,59781.41
4466,2025-09-23,3,2,1,20,19391.4
4467,2025-09-23,3,39,4,9,7242.48
4468,2025-09-23,5,38,4,16,105304.64
4469,2025-09-23,19,21,4,11,42689.46
4470,2025-09-23,22,39,1,17,59383.72
4471,2025-09-23,16,2,3,19,80201.47
4472,2025-09-23,17,7,5,11,13380.95
4473,2025-09-23,15,15,5,15,59025.75
4474,2025-09-23,19,2,5,14,53278.68
4475,2025-09-23,22,15,5,2,7158.48
4476,2025-09-23,16,7,3,10,39162.5
4477,2025-09-24,1,29,3,1,2147.76
4478,2025-09-24,9,7,5,4,3128.8
4479,2025-09-24,5,15,2,10,52724.1
4480,2025-09-24,17,16,4,18,20224.98
4481,2025-09-24,1,9,3,5,12674.15
4482,2025-09-24,18,21,5,11,33185.46
4483,2025-09-24,3,8,3,18,17446.86
4484,2025-09-24,20,20,3,2,6326.36
4485,2025-09-24,20,37,3,11,39786.01
4486,2025-09-25,21,5,5,6,32101.14
4487,2025-09-25,11,19,4,18,60782.22
4488,2025-09-25,12,8,4,1,723.56
4489,2025-09-25,22,3,3,6,26500.2
4490,2025-09-25,15,10,3,16,55376.48
4491,2025-09-25,22,39,2,16,70957.6
4492,2025-09-25,18,25,4,14,35791.56
4493,2025-09-25,5,39,6,5,29892.1
4494,2025-09-26,11,36,6,19,77636.85
4495,2025-09-26,22,38,2,11,47269.09
4496,2025-09-26,13,5,3,7,5826.59
4497,2025-09-26,8,4,5,15,17069.7
4498,2025-09-26,13,10,1,14,11156.88
4499,2025-09-26,17,14,4,19,17698.12
4500,2025-09-26,25,29,1,7,7084.7
4501,2025-09-26,5,31,1,6,36213.84
4502,2025-09-26,23,15,4,19,50099.2
4503,2025-09-27,20,5,3,18,64536.66
4504,2025-09-27,10,27,5,6,39557.58
4505,2025-09-27,12,4,4,19,15557.2
4506,2025-09-27,11,39,2,15,57608.4
4507,2025-09-27,22,17,1,13,52372.97
4508,2025-09-27,25,7,4,16,16653.44
4509,2025-09-27,3,11,2,4,3467.32
4510,2025-09-27,2,6,4,1,2595.59
4511,2025-09-27,6,5,5,13,8872.5
4512,2025-09-28,20,19,5,12,41108.4
4513,2025-09-28,12,19,4,16,12121.6
4514,2025-09-28,16,37,4,6,19961.28
4515,2025-09-28,21,28,2,15,64396.65
4516,2025-09-28,13,35,1,2,1551.44
4517,2025-09-28,5,1,6,6,33721.8
4518,2025-09-28,22,2,4,1,4415.23
4519,2025-09-29,6,25,4,4,3151.2
4520,2025-09-29,1,19,4,4,8854.72
4521,2025-09-29,20,8,6,13,40503.58
4522,2025-09-29,21,39,1,19,82865.46
4523,2025-09-29,7,13,3,15,43487.7
4524,2025-09-29,24,25,3,20,93767.4
4525,2025-09-29,3,4,4,3,2691.27
4526,2025-09-29,24,29,2,16,82080.96
4527,2025-09-29,3,22,6,12,11509.56
4528,2025-09-29,3,6,6,17,17243.27
4529,2025-09-29,15,35,6,17,65026.02
4530,2025-09-30,8,27,6,8,8470.0
4531,2025-09-30,8,22,2,18,17733.24
4532,2025-09-30,5,3,5,16,83801.28
4533,2025-09-30,8,38,5,1,969.03
4534,2025-09-30,23,18,1,15,43814.25
4535,2025-09-30,10,38,2,7,36486.59
4536,2025-10-01,12,2,4,5,4331.05
4537,2025-10-01,10,31,5,16,102150.4
4538,2025-10-01,4,38,5,18,53361.54
4539,2025-10-01,20,36,6,18,53615.34
4540,2025-10-01,10,17,6,8,42907.68
4541,2025-10-01,7,18,2,18,58443.48
4542,2025-10-01,20,2,5,14,46975.18
4543,2025-10-01,4,10,1,11,29329.52
4544,2025-10-01,7,6,5,18,54788.22
4545,2025-10-01,9,25,4,4,3099.44
4546,2025-10-01,18,23,1,7,16267.09
4547,2025-10-02,18,30,2,12,33456.6
4548,2025-10-02,14,32,6,4,8930.52
4549,2025-10-02,10,27,4,4,22775.16
4550,2025-10-02,19,11,3,13,46061.47
4551,2025-10-02,4,39,6,17,47457.71
4552,2025-10-02,12,36,1,6,5139.42
4553,2025-10-03,6,11,1,10,7865.8
4554,2025-10-03,7,38,2,16,41786.72
4555,2025-10-03,4,24,1,2,4897.48
4556,2025-10-03,11,38,4,2,8303.58
4557,2025-10-03,6,38,2,11,7810.11
4558,2025-10-03,5,20,3,9,45803.43
4559,2025-10-03,8,29,3,11,12314.61
4560,2025-10-03,22,4,6,2,7539.48
4561,2025-10-04,18,10,6,11,25611.19
4562,2025-10-04,4,37,1,8,23685.36
4563,2025-10-04,20,22,6,12,38331.24
4564,2025-10-04,5,18,2,6,30834.54
4565,2025-10-04,23,6,3,10,24698.4
4566,2025-10-04,18,29,3,20,47452.4
4567,2025-10-04,12,9,5,13,10639.2
4568,2025-10-04,21,8,6,13,64069.98
4569,2025-10-05,15,12,5,2,8123.86
4570,2025-10-05,6,25,3,4,3000.72
4571,2025-10-05,24,18,6,4,20669.64
4572,2025-10-05,17,8,6,11,11033.0
4573,2025-10-05,20,3,2,9,28516.32
4574,2025-10-05,12,20,1,19,14658.31
4575,2025-10-05,25,35,3,16,15964.64
4576,2025-10-05,5,15,1,19,124600.67
4577,2025-10-05,6,16,3,4,2826.56
4578,2025-10-06,6,33,1,16,11626.24
4579,2025-10-06,8,17,6,10,10140.2
4580,2025-10-06,8,19,1,10,9772.7
4581,2025-10-06,9,38,2,5,3520.2
4582,2025-10-06,19,20,3,14,45331.72
4583,2025-10-06,14,5,4,1,2122.72
4584,2025-10-06,11,32,2,11,47226.08
4585,2025-10-06,13,5,2,13,8853.65
4586,2025-10-06,10,33,6,2,10282.8
4587,2025-10-06,7,33,5,9,29752.02
4588,2025-10-07,6,11,4,18,13569.48
4589,2025-10-07,2,25,3,15,43789.95
4590,2025-10-07,23,38,5,8,20818.56
4591,2025-10-07,17,32,4,5,4759.3
4592,2025-10-07,18,10,3,14,42202.86
4593,2025-10-07,10,3,5,20,116948.2
4594,2025-10-07,23,9,1,8,18079.12
4595,2025-10-07,5,30,6,2,13132.76
4596,2025-10-07,7,24,3,19,62395.24
4597,2025-10-07,14,19,6,4,9158.96
4598,2025-10-08,18,27,6,15,42643.05
4599,2025-10-08,14,1,2,19,41472.63
4600,2025-10-08,19,2,2,15,50154.3
4601,2025-10-08,14,1,4,16,32081.28
4602,2025-10-08,6,32,4,10,7544.5
4603,2025-10-08,21,25,3,16,89373.12
4604,2025-10-08,3,19,6,15,13051.05
4605,2025-10-09,10,30,2,14,90057.8
4606,2025-10-09,2,21,3,19,51464.73
4607,2025-10-09,24,3,4,13,57188.04
4608,2025-10-09,18,11,3,1,2315.17
4609,2025-10-09,22,37,6,8,35157.92
4610,2025-10-09,18,2,6,8,21568.0
4611,2025-10-09,11,35,2,17,64590.48
4612,2025-10-09,9,35,5,14,10906.7
4613,2025-10-09,3,19,5,9,8099.19
4614,2025-10-09,13,11,5,20,16257.6
4615,2025-10-09,11,7,3,4,15705.32
4616,2025-10-09,1,21,2,3,6771.42
4617,2025-10-10,17,35,6,7,7225.47
4618,2025-10-10,17,36,6,18,17496.36
4619,2025-10-10,7,10,6,18,46721.52
4620,2025-10-10,21,8,4,2,9306.42
4621,2025-10-10,6,9,1,6,3599.64
4622,2025-10-10,7,28,4,9,24857.55
4623,2025-10-10,25,4,5,6,5751.18
4624,2025-10-10,11,20,1,6,26094.12
4625,2025-10-11,8,25,4,9,8042.94
4626,2025-10-11,12,28,3,16,13491.36
4627,2025-10-11,22,14,6,17,70819.11
4628,2025-10-11,19,34,2,15,61375.2
4629,2025-10-11,25,11,6,11,11573.1
4630,2025-10-11,1,7,4,12,29618.28
4631,2025-10-11,11,24,1,5,16527.0
4632,2025-10-11,17,34,3,20,24110.4
4633,2025-10-11,22,1,6,2,7256.4
4634,2025-10-11,18,38,6,4,11675.92
4635,2025-10-11,5,39,1,3,16780.29
4636,2025-10-11,3,34,4,4,3315.28
4637,2025-10-12,22,34,1,8,31560.88
4638,2025-10-12,3,1,6,13,12256.27
4639,2025-10-12,14,3,6,17,40248.86
4640,2025-10-12,19,11,2,15,52653.0
4641,2025-10-12,16,23,4,13,44678.4
4642,2025-10-12,17,15,1,14,14936.46
4643,2025-10-12,5,13,4,3,19219.14
4644,2025-10-12,6,3,5,19,13348.83
4645,2025-10-12,18,13,2,16,36377.12
4646,2025-10-12,24,34,4,3,13458.54
4647,2025-10-13,12,16,6,16,11421.44
4648,2025-10-13,20,28,2,1,2887.53
4649,2025-10-13,10,15,5,1,6261.58
4650,2025-10-13,22,15,4,1,4418.18
4651,2025-10-13,14,10,3,4,7497.08
4652,2025-10-13,10,13,5,6,33093.54
4653,2025-10-13,14,28,6,19,45890.89
4654,2025-10-13,13,13,4,16,11214.88
4655,2025-10-13,11,38,2,6,22406.04
4656,2025-10-13,2,25,4,20,51716.6
4657,2025-10-14,22,30,5,19,78261.76
4658,2025-10-14,14,10,2,18,41078.52
4659,2025-10-14,3,25,1,18,16796.7
4660,2025-10-14,4,26,1,18,41894.82
4661,2025-10-14,5,26,5,20,116278.8
4662,2025-10-14,15,4,5,6,22587.18
4663,2025-10-14,24,14,3,14,72938.74
4664,2025-10-14,14,7,4,10,21418.9
4665,2025-10-14,7,31,1,1,2732.17
4666,2025-10-15,1,6,1,8,18534.64
4667,2025-10-15,21,24,2,13,73902.53
4668,2025-10-15,16,2,4,17,64716.79
4669,2025-10-15,16,35,1,3,12416.94
4670,2025-10-15,15,19,3,5,17787.25
4671,2025-10-15,16,3,6,10,39297.2
4672,2025-10-15,4,3,3,4,10563.88
4673,2025-10-15,7,25,6,13,37372.01
4674,2025-10-15,23,7,3,16,44248.0
4675,2025-10-16,15,10,1,14,48650.14
4676,2025-10-16,9,35,3,15,12874.65
4677,2025-10-16,5,23,1,2,10469.64
4678,2025-10-16,6,13,5,4,3107.2
4679,2025-10-16,14,22,1,3,6607.44
4680,2025-10-16,8,27,5,8,9074.64
4681,2025-10-16,4,12,6,7,17490.48
4682,2025-10-16,2,23,2,13,40150.37
4683,2025-10-16,12,27,4,17,14058.32
4684,2025-10-16,6,32,2,6,4258.62
4685,2025-10-16,3,19,5,11,9754.03
4686,2025-10-17,9,32,4,16,14558.56
4687,2025-10-17,11,26,3,17,57859.5
4688,2025-10-17,14,34,2,5,11935.0
4689,2025-10-17,7,30,5,1,3002.32
4690,2025-10-17,21,37,6,11,61185.96
4691,2025-10-17,25,21,3,20,17074.8
4692,2025-10-18,25,22,2,19,15556.25
4693,2025-10-18,7,12,3,3,8240.22
4694,2025-10-18,23,40,3,3,8363.19
4695,2025-10-18,14,32,1,10,18705.8
4696,2025-10-18,15,13,4,3,11211.9
4697,2025-10-18,23,29,5,17,39041.01
4698,2025-10-18,7,4,2,2,6623.34
4699,2025-10-18,5,14,6,15,80192.4
4700,2025-10-19,8,36,6,19,20564.27
4701,2025-10-19,16,25,2,15,48055.8
4702,2025-10-19,11,13,1,14,56378.84
4703,2025-10-19,17,37,6,7,8259.23
4704,2025-10-19,2,36,4,9,25554.6
4705,2025-10-19,21,6,5,18,96674.22
4706,2025-10-19,11,34,6,1,3584.89
4707,2025-10-19,12,17,6,5,3280.4
4708,2025-10-19,18,28,2,17,50015.87
4709,2025-10-19,7,28,2,9,28244.88
4710,2025-10-20,16,37,6,4,16036.48
4711,2025-10-20,12,23,5,2,1374.64
4712,2025-10-20,13,16,4,20,15101.4
4713,2025-10-20,4,22,2,1,2269.16
4714,2025-10-20,11,16,3,15,62613.3
4715,2025-10-20,10,33,1,1,6486.39
4716,2025-10-20,18,5,3,4,9668.56
4717,2025-10-20,3,37,4,15,14547.45
4718,2025-10-20,25,35,5,4,3626.92
4719,2025-10-20,19,30,5,2,6946.58
4720,2025-10-21,10,37,1,20,136908.6
4721,2025-10-21,16,18,6,6,20277.66
4722,2025-10-21,3,14,5,16,15439.52
4723,2025-10-21,7,21,6,16,44000.32
4724,2025-10-21,12,28,3,5,3863.9
4725,2025-10-21,7,31,2,15,38887.65
4726,2025-10-21,3,10,5,4,3520.48
4727,2025-10-21,16,16,6,12,40123.2
4728,2025-10-21,2,11,6,20,55584.6
4729,2025-10-21,5,37,2,3,16363.59
4730,2025-10-21,24,35,2,10,57113.0
4731,2025-10-22,10,10,6,9,58989.78
4732,2025-10-22,1,32,2,3,6458.97
4733,2025-10-22,8,35,2,18,15991.2
4734,2025-10-22,16,8,1,20,84384.0
4735,2025-10-22,8,31,1,18,15965.1
4736,2025-10-22,6,21,5,4,2618.2
4737,2025-10-23,18,5,2,5,13366.25
4738,2025-10-23,9,30,2,3,2457.81
4739,2025-10-23,17,7,5,14,13655.32
4740,2025-10-23,16,1,5,15,50385.75
4741,2025-10-23,13,14,5,14,11007.22
4742,2025-10-23,3,13,6,5,4844.15
4743,2025-10-23,19,6,6,4,13246.24
4744,2025-10-23,17,13,1,10,11060.6
4745,2025-10-23,11,16,2,15,64817.7
4746,2025-10-23,20,3,6,7,21984.76
4747,2025-10-23,1,16,5,12,30752.4
4748,2025-10-24,6,7,1,20,15639.2
4749,2025-10-24,8,3,1,13,14024.4
4750,2025-10-24,15,29,4,2,8158.44
4751,2025-10-24,24,14,3,17,90955.95
4752,2025-10-24,9,26,4,16,13526.72
4753,2025-10-24,15,22,5,17,62143.84
4754,2025-10-24,24,19,2,14,80917.76
4755,2025-10-24,15,27,4,11,39364.49
4756,2025-10-25,15,26,6,17,61746.38
4757,2025-10-25,10,9,6,7,47929.63
4758,2025-10-25,3,37,1,15,13275.9
4759,2025-10-25,22,20,4,12,49977.24
4760,2025-10-25,25,6,2,8,7803.92
4761,2025-10-26,10,5,4,1,6750.84
4762,2025-10-26,12,2,1,2,1387.02
4763,2025-10-26,1,40,2,3,7035.21
4764,2025-10-26,2,29,4,1,2898.83
4765,2025-10-26,7,7,4,4,11927.36
4766,2025-10-26,2,20,3,20,58332.2
4767,2025-10-26,19,19,6,12,45274.8
4768,2025-10-26,13,3,5,15,9618.75
4769,2025-10-26,18,11,6,15,40931.7
4770,2025-10-26,25,19,4,15,13934.85
4771,2025-10-26,22,31,3,3,12606.51
4772,2025-10-26,11,33,5,3,11007.12
4773,2025-10-27,5,33,5,10,58434.6
4774,2025-10-27,17,34,2,9,10292.58
4775,2025-10-27,7,28,3,3,8790.48
4776,2025-10-27,19,12,4,13,46517.25
4777,2025-10-27,10,32,1,8,53649.68
4778,2025-10-27,1,8,4,12,25802.28
4779,2025-10-27,19,9,1,7,23891.42
4780,2025-10-27,16,1,2,11,41831.02
4781,2025-10-27,25,13,3,17,15284.02
4782,2025-10-28,17,8,6,12,13944.72
4783,2025-10-28,10,8,2,12,70634.52
4784,2025-10-28,9,33,5,12,9084.0
4785,2025-10-28,12,30,2,15,11830.65
4786,2025-10-28,11,29,3,8,29671.04
4787,2025-10-28,10,21,6,12,77582.04
4788,2025-10-29,15,4,1,14,57287.3
4789,2025-10-29,16,7,3,3,9695.67
4790,2025-10-29,20,16,6,14,41130.6
4791,2025-10-29,2,21,2,12,33026.04
4792,2025-10-29,2,34,3,1,2973.87
4793,2025-10-29,11,28,4,12,46875.96
4794,2025-10-29,22,28,1,5,16963.25
4795,2025-10-29,4,12,2,8,19370.88
4796,2025-10-29,7,19,3,14,42999.88
4797,2025-10-30,15,22,6,14,55480.74
4798,2025-10-30,24,12,5,14,76165.18
4799,2025-10-30,4,12,3,6,14806.02
4800,2025-10-30,16,30,1,5,18617.05
4801,2025-10-30,1,29,1,17,40425.49
4802,2025-10-30,12,27,2,2,1717.72
4803,2025-10-30,4,31,6,4,11028.68
4804,2025-10-30,1,23,4,19,43831.1
4805,2025-10-31,14,4,4,1,2225.63
4806,2025-10-31,22,27,5,19,64043.11
4807,2025-10-31,15,30,5,7,23377.76
4808,2025-10-31,23,25,3,20,58752.8
4809,2025-10-31,22,23,1,3,10688.13
4810,2025-10-31,18,39,1,8,21529.6
4811,2025-10-31,5,2,3,13,68240.77
4812,2025-10-31,14,21,1,16,37377.44
4813,2025-10-31,4,24,5,17,41122.49
4814,2025-10-31,16,26,2,8,32029.68
4815,2025-10-31,10,6,4,17,108533.44
4816,2025-10-31,3,34,1,14,11874.38
4817,2025-11-01,2,38,2,9,26779.41
4818,2025-11-01,3,33,4,5,4020.95
4819,2025-11-01,17,10,3,5,4775.0
4820,2025-11-01,9,20,5,2,1661.94
4821,2025-11-01,1,21,4,9,18678.42
4822,2025-11-01,24,23,2,14,70382.2
4823,2025-11-01,24,32,5,20,92418.4
4824,2025-11-01,19,5,5,2,8013.84
4825,2025-11-01,12,8,2,7,4702.04
4826,2025-11-01,15,32,5,13,48954.75
4827,2025-11-02,11,32,3,2,7453.94
4828,2025-11-02,20,3,3,20,71347.6
4829,2025-11-02,23,23,1,1,2890.41
4830,2025-11-02,4,3,6,2,4892.28
4831,2025-11-02,20,17,5,10,29582.2
4832,2025-11-02,25,14,5,9,8831.25
4833,2025-11-02,20,33,1,15,43699.2
4834,2025-11-02,24,5,2,16,73469.92
4835,2025-11-02,21,21,5,13,56629.3
4836,2025-11-02,5,29,2,13,83181.93
4837,2025-11-02,2,9,5,12,32689.2
4838,2025-11-02,11,20,2,20,79667.2
4839,2025-11-02,19,37,1,8,28682.72
4840,2025-11-02,21,9,4,3,13044.99
4841,2025-11-02,15,10,5,2,6555.58
4842,2025-11-03,22,26,3,13,44617.17
4843,2025-11-03,24,4,6,3,15366.06
4844,2025-11-03,13,15,1,3,2372.85
4845,2025-11-03,14,27,2,15,32681.1
4846,2025-11-03,1,2,3,7,16756.88
4847,2025-11-03,23,6,6,2,4743.04
4848,2025-11-03,8,38,4,20,19569.4
4849,2025-11-03,6,10,6,18,13875.84
4850,2025-11-03,21,15,1,17,86293.53
4851,2025-11-03,7,17,2,5,12630.0
4852,2025-11-03,19,35,5,11,43409.96
4853,2025-11-04,5,33,3,6,32140.38
4854,2025-11-04,14,4,2,13,27087.19
4855,2025-11-04,10,37,1,5,27247.9
4856,2025-11-04,9,33,3,17,12750.68
4857,2025-11-04,10,15,1,9,50452.83
4858,2025-11-04,24,11,4,5,28739.25
4859,2025-11-04,23,4,4,20,54902.0
4860,2025-11-04,4,19,3,11,30694.07
4861,2025-11-05,15,39,2,20,67179.0
4862,2025-11-05,6,24,1,15,8899.2
4863,2025-11-05,16,15,4,1,3614.19
4864,2025-11-05,20,33,4,16,53388.0
4865,2025-11-05,21,40,1,6,29309.7
4866,2025-11-05,9,32,5,15,11235.15
4867,2025-11-05,5,28,4,6,38933.58
4868,2025-11-05,10,4,3,20,124042.2
4869,2025-11-05,1,9,2,18,36840.06
4870,2025-11-06,12,3,1,20,14018.0
4871,2025-11-06,17,2,6,18,19923.12
4872,2025-11-06,18,2,3,8,22918.88
4873,2025-11-06,22,24,3,12,51369.36
4874,2025-11-06,25,28,5,14,13334.3
4875,2025-11-06,7,34,1,3,8651.46
4876,2025-11-06,11,40,4,1,3884.48
4877,2025-11-06,23,31,3,5,13092.3
4878,2025-11-06,25,2,4,10,8403.0
4879,2025-11-06,9,17,2,9,8285.58
4880,2025-11-06,15,7,6,20,78466.6
4881,2025-11-06,9,19,2,16,13196.96
4882,2025-11-07,17,38,2,9,8459.01
4883,2025-11-07,18,21,2,8,18234.0
4884,2025-11-07,24,35,5,10,51386.2
4885,2025-11-07,25,21,3,17,16124.67
4886,2025-11-07,9,36,1,4,2833.72
4887,2025-11-07,23,26,6,2,4924.7
4888,2025-11-07,8,20,4,6,6470.22
4889,2025-11-07,23,11,3,17,39208.12
4890,2025-11-07,9,13,3,16,11384.32
4891,2025-11-07,7,32,1,13,37776.05
4892,2025-11-07,16,8,5,8,26536.4
4893,2025-11-07,20,25,6,3,10008.84
4894,2025-11-07,9,10,4,16,12540.96
4895,2025-11-07,15,9,3,17,57899.79
4896,2025-11-07,16,26,5,14,54939.64
4897,2025-11-07,4,28,2,6,13466.76
4898,2025-11-08,13,23,1,3,2172.42
4899,2025-11-08,17,27,6,4,3828.32
4900,2025-11-08,18,5,2,11,30620.26
4901,2025-11-08,4,14,2,3,7236.66
4902,2025-11-08,4,28,3,5,11794.85
4903,2025-11-08,12,7,6,15,10466.1
4904,2025-11-08,23,15,1,19,50124.85
4905,2025-11-08,2,21,5,1,2856.19
4906,2025-11-08,16,18,5,12,46314.6
4907,2025-11-08,8,39,2,19,17162.89
4908,2025-11-08,10,21,5,8,47301.12
4909,2025-11-09,12,16,4,14,10855.04
4910,2025-11-09,15,1,6,17,63579.15
4911,2025-11-09,18,19,3,14,32348.12
4912,2025-11-09,21,8,2,1,4370.99
4913,2025-11-09,16,29,6,2,6800.78
4914,2025-11-09,6,8,4,19,13932.51
4915,2025-11-09,15,33,1,1,3829.27
4916,2025-11-09,11,3,6,7,26429.62
4917,2025-11-09,24,9,1,3,16300.26
4918,2025-11-09,25,5,6,6,5046.24
4919,2025-11-09,12,2,6,15,12151.65
4920,2025-11-09,20,9,4,4,15204.76
4921,2025-11-09,4,17,6,20,49786.0
4922,2025-11-09,7,6,1,12,34643.88
4923,2025-11-09,9,1,1,3,2629.74
4924,2025-11-09,17,16,4,11,11092.07
4925,2025-11-10,24,9,2,16,91710.72
4926,2025-11-10,17,9,2,20,20148.8
4927,2025-11-10,12,14,4,14,11228.56
4928,2025-11-10,19,6,1,12,39933.84
4929,2025-11-10,19,9,5,20,75641.8
4930,2025-11-10,20,29,3,4,13383.72
4931,2025-11-10,11,38,3,20,76099.6
4932,2025-11-10,12,38,4,18,13935.42
4933,2025-11-10,4,20,1,15,41967.6
4934,2025-11-10,3,16,6,12,10126.32
4935,2025-11-10,25,4,5,1,1030.73
4936,2025-11-10,4,26,1,20,55539.0
4937,2025-11-10,20,10,1,16,50697.28
4938,2025-11-10,11,33,3,15,58999.5
4939,2025-11-10,24,1,5,13,59951.97
4940,2025-11-10,5,20,3,16,83600.0
4941,2025-11-10,23,27,2,18,45429.48
4942,2025-11-11,24,32,2,2,10841.16
4943,2025-11-11,16,26,2,2,7218.4
4944,2025-11-11,7,30,3,2,6030.74
4945,2025-11-11,2,35,5,7,21189.63
4946,2025-11-11,3,19,4,8,7493.52
4947,2025-11-11,7,39,3,3,8812.14
4948,2025-11-11,18,3,4,18,52919.46
4949,2025-11-11,7,25,5,16,41370.4
4950,2025-11-11,4,18,5,1,2677.21
4951,2025-11-11,1,34,3,17,44376.8
4952,2025-11-11,12,16,4,9,6948.18
4953,2025-11-11,18,2,6,7,16556.33
4954,2025-11-11,9,21,2,5,3806.65
4955,2025-11-11,9,1,6,15,11391.0
4956,2025-11-12,6,8,2,10,6417.8
4957,2025-11-12,25,6,2,15,13065.9
4958,2025-11-12,7,11,6,16,40276.32
4959,2025-11-12,19,15,4,2,6650.1
4960,2025-11-12,10,35,1,13,71076.2
4961,2025-11-12,23,21,6,9,25378.2
4962,2025-11-12,13,19,4,3,2226.87
4963,2025-11-12,16,30,5,4,15945.72
4964,2025-11-12,14,4,5,2,4645.58
4965,2025-11-12,1,33,3,5,11942.95
4966,2025-11-12,23,31,4,14,33504.1
4967,2025-11-12,9,37,1,4,2985.04
4968,2025-11-12,12,29,2,13,8543.86
4969,2025-11-12,11,37,3,3,12733.8
4970,2025-11-12,18,25,4,1,2493.64
4971,2025-11-13,18,9,5,18,51940.08
4972,2025-11-13,16,20,3,1,3652.05
4973,2025-11-13,15,40,2,18,60377.76
4974,2025-11-13,6,22,4,12,7976.04
4975,2025-11-13,1,26,1,7,16178.26
4976,2025-11-13,7,23,3,5,15494.7
4977,2025-11-13,19,15,3,1,3503.04
4978,2025-11-13,4,5,6,10,22840.8
4979,2025-11-13,25,25,5,1,1079.81
4980,2025-11-14,23,4,5,19,53530.6
4981,2025-11-14,17,18,1,6,6082.56
4982,2025-11-14,4,11,1,11,24803.68
4983,2025-11-14,25,33,6,1,961.4
4984,2025-11-14,19,33,2,5,19662.6
4985,2025-11-14,15,36,1,9,28912.23
4986,2025-11-14,22,30,3,5,19275.75
4987,2025-11-14,7,12,3,20,63242.0
4988,2025-11-14,16,23,1,4,14542.36
4989,2025-11-14,9,40,4,6,4745.76
4990,2025-11-14,6,13,3,11,6841.23
4991,2025-11-14,19,5,5,16,62016.32
4992,2025-11-14,16,32,3,17,64484.23
4993,2025-11-14,18,15,1,18,52068.24
4994,2025-11-14,16,9,3,13,48614.28
4995,2025-11-15,2,27,6,3,7969.38
4996,2025-11-15,18,12,2,7,16073.54
4997,2025-11-15,11,7,1,15,52852.5
4998,2025-11-15,8,35,6,15,13860.15
4999,2025-11-15,24,23,5,1,5540.3
5000,2025-11-15,1,24,1,1,2089.33
5001,2025-11-15,7,31,4,10,31550.4
5002,2025-11-15,10,26,6,12,70163.28
5003,2025-11-15,1,34,4,3,7125.63
5004,2025-11-15,2,16,4,6,14719.68
5005,2025-11-15,8,8,1,5,4529.6
5006,2025-11-15,22,8,5,8,27159.44
5007,2025-11-15,19,37,2,18,72201.78
5008,2025-11-15,20,30,4,16,60662.08
5009,2025-11-16,5,12,4,15,91643.7
5010,2025-11-16,2,35,2,1,2988.96
5011,2025-11-16,14,24,6,2,4145.3
5012,2025-11-16,11,39,5,19,74686.34
5013,2025-11-16,4,18,1,10,23325.2
5014,2025-11-16,22,4,3,19,73430.25
5015,2025-11-16,15,15,3,13,40612.65
5016,2025-11-16,7,32,2,1,2918.71
5017,2025-11-16,6,30,6,6,4068.72
5018,2025-11-16,24,7,4,17,87277.49
5019,2025-11-16,7,39,4,3,7826.4
5020,2025-11-16,13,17,3,4,3338.44
5021,2025-11-16,22,3,4,4,13352.56
5022,2025-11-17,8,33,2,4,3918.76
5023,2025-11-17,22,11,2,17,71607.91
5024,2025-11-17,25,27,5,18,14843.52
5025,2025-11-17,17,27,6,6,6667.08
5026,2025-11-17,1,11,3,11,27004.23
5027,2025-11-17,6,30,1,17,12780.26
5028,2025-11-17,13,6,1,10,7822.0
5029,2025-11-17,21,13,5,20,111882.8
5030,2025-11-17,11,34,6,12,42239.52
5031,2025-11-17,10,38,1,5,26064.05
5032,2025-11-18,23,20,2,20,47831.4
5033,2025-11-18,13,19,6,20,12771.0
5034,2025-11-18,19,26,3,17,60621.49
5035,2025-11-18,15,33,2,7,23706.06
5036,2025-11-18,3,30,5,7,6146.35
5037,2025-11-18,14,38,6,13,28738.71
5038,2025-11-18,7,21,6,11,33403.37
5039,2025-11-18,16,11,1,2,8408.4
5040,2025-11-18,22,23,2,17,68121.38
5041,2025-11-18,6,35,5,7,4698.12
5042,2025-11-18,16,19,5,19,72487.28
5043,2025-11-18,2,30,2,20,55414.2
5044,2025-11-18,15,7,1,15,54728.55
5045,2025-11-18,21,33,3,18,82588.32
5046,2025-11-18,9,3,5,13,10429.12
5047,2025-11-19,17,1,2,8,7592.16
5048,2025-11-19,15,26,2,20,69287.4
5049,2025-11-19,17,40,2,16,16289.76
5050,2025-11-19,25,38,2,13,12058.54
5051,2025-11-19,5,37,2,17,100672.47
5052,2025-11-19,10,17,1,3,16793.22
5053,2025-11-19,13,34,4,18,12918.42
5054,2025-11-19,19,15,5,6,25001.28
5055,2025-11-19,8,1,1,1,1012.41
5056,2025-11-19,23,6,5,3,7336.92
5057,2025-11-20,15,9,5,20,66314.0
5058,2025-11-20,14,36,3,19,44197.61
5059,2025-11-20,14,2,5,14,32333.98
5060,2025-11-20,11,34,3,20,66080.0
5061,2025-11-20,25,20,6,4,3785.92
5062,2025-11-20,15,4,4,2,7956.54
5063,2025-11-20,2,34,3,19,56216.44
5064,2025-11-20,22,38,5,10,36707.2
5065,2025-11-20,19,17,2,18,74515.14
5066,2025-11-20,3,39,1,15,13162.05
5067,2025-11-20,7,37,5,12,35507.04
5068,2025-11-20,22,9,1,14,58250.22
5069,2025-11-21,13,20,6,11,8550.63
5070,2025-11-21,8,39,2,10,9766.9
5071,2025-11-21,7,27,2,4,12647.24
5072,2025-11-21,24,7,4,12,54056.64
5073,2025-11-21,10,39,3,20,128178.8
5074,2025-11-21,2,15,6,6,15880.14
5075,2025-11-21,11,1,4,12,50813.64
5076,2025-11-21,10,39,2,10,61444.4
5077,2025-11-21,23,39,1,8,18052.56
5078,2025-11-21,18,38,4,7,19559.96
5079,2025-11-21,14,4,2,17,35502.63
5080,2025-11-21,24,24,3,10,56649.9
5081,2025-11-21,8,33,3,18,20273.94
5082,2025-11-21,22,20,2,15,58335.3
5083,2025-11-21,20,32,6,3,10184.88
5084,2025-11-21,7,24,5,11,32529.09
5085,2025-11-22,22,1,3,7,28552.51
5086,2025-11-22,25,39,4,11,8995.14
5087,2025-11-22,10,35,1,6,38294.52
5088,2025-11-22,14,30,5,14,34445.6
5089,2025-11-22,21,21,3,9,46760.13
5090,2025-11-22,19,28,2,12,50883.96
5091,2025-11-22,20,7,4,13,45973.46
5092,2025-11-22,9,28,5,12,10008.36
5093,2025-11-22,1,22,4,14,37066.4
5094,2025-11-22,2,34,6,8,24030.8
5095,2025-11-22,21,14,6,4,17277.96
5096,2025-11-23,25,29,2,7,6090.21
5097,2025-11-23,12,5,3,20,14944.8
5098,2025-11-23,14,5,3,18,37771.02
5099,2025-11-23,3,37,1,5,4411.3
5100,2025-11-23,1,2,5,9,18408.15
5101,2025-11-23,7,11,1,3,9376.23
5102,2025-11-23,23,31,5,12,26681.88
5103,2025-11-23,11,38,1,14,54205.62
5104,2025-11-23,20,27,2,3,8776.17
5105,2025-11-24,21,11,3,13,59765.81
5106,2025-11-24,12,6,5,1,799.3
5107,2025-11-24,16,24,2,15,50144.4
5108,2025-11-24,20,6,3,15,51608.55
5109,2025-11-24,15,40,4,9,30879.18
5110,2025-11-24,2,34,3,4,11536.32
5111,2025-11-24,23,4,3,17,49488.7
5112,2025-11-24,21,24,5,15,65663.85
5113,2025-11-24,9,30,3,3,2511.36
5114,2025-11-24,3,20,6,6,5179.2
5115,2025-11-24,10,4,6,18,96240.24
5116,2025-11-24,7,3,2,5,16178.75
5117,2025-11-25,1,34,3,3,7603.8
5118,2025-11-25,25,1,1,5,4998.4
5119,2025-11-25,9,40,4,12,10368.96
5120,2025-11-25,2,11,6,9,28327.05
5121,2025-11-25,21,28,2,10,47205.4
5122,2025-11-25,10,39,3,9,56686.23
5123,2025-11-25,17,29,5,13,15236.0
5124,2025-11-25,7,38,2,10,28860.3
5125,2025-11-25,13,25,4,3,2401.44
5126,2025-11-25,4,6,3,20,56637.4
5127,2025-11-25,17,23,1,14,15828.54
5128,2025-11-25,17,34,3,18,21785.76
5129,2025-11-26,7,15,1,10,25615.1
5130,2025-11-26,23,38,1,10,23952.0
5131,2025-11-26,3,15,5,14,13738.62
5132,2025-11-26,4,10,2,1,2382.67
5133,2025-11-26,1,24,5,14,28648.2
5134,2025-11-26,22,7,6,16,64297.6
5135,2025-11-26,23,35,4,9,26008.56
5136,2025-11-26,13,31,2,4,3020.64
5137,2025-11-26,25,9,1,15,14662.8
5138,2025-11-26,15,23,2,17,56785.44
5139,2025-11-26,2,29,1,16,39778.72
5140,2025-11-26,21,1,3,15,73393.5
5141,2025-11-27,22,5,3,7,25018.21
5142,2025-11-27,19,5,6,7,23483.74
5143,2025-11-27,12,25,1,12,9982.56
5144,2025-11-27,16,10,2,3,10708.56
5145,2025-11-27,17,35,4,16,15502.4
5146,2025-11-27,22,33,2,3,11774.34
5147,2025-11-27,23,6,6,17,47329.87
5148,2025-11-27,23,28,4,1,2723.21
5149,2025-11-27,21,22,4,18,96442.38
5150,2025-11-27,16,16,5,15,48223.35
5151,2025-11-27,9,33,4,11,8347.9
5152,2025-11-27,6,31,1,18,11606.04
5153,2025-11-27,9,26,3,9,7876.17
5154,2025-11-27,25,5,4,2,2099.22
5155,2025-11-27,5,35,1,15,82219.2
5156,2025-11-28,9,26,1,14,13064.1
5157,2025-11-28,9,17,1,20,15037.0
5158,2025-11-28,7,1,3,1,2795.29
5159,2025-11-28,4,30,6,4,9374.92
5160,2025-11-28,18,8,4,19,44559.37
5161,2025-11-28,16,7,4,17,60117.1
5162,2025-11-28,24,22,5,17,92261.04
5163,2025-11-28,19,2,4,6,20779.92
5164,2025-11-28,9,9,6,20,16012.4
5165,2025-11-28,2,8,3,10,28409.4
5166,2025-11-29,2,17,4,5,13133.2
5167,2025-11-29,5,7,5,4,21153.64
5168,2025-11-29,10,34,2,18,101248.74
5169,2025-11-29,16,29,1,11,40030.21
5170,2025-11-29,3,18,6,18,17040.06
5171,2025-11-29,21,10,4,9,50175.18
5172,2025-11-29,3,23,3,13,13055.64
5173,2025-11-29,10,38,4,17,101354.17
5174,2025-11-29,8,30,4,13,14490.58
5175,2025-11-29,8,28,2,15,14349.6
5176,2025-11-29,3,10,5,18,16178.22
5177,2025-11-29,2,10,2,6,14768.22
5178,2025-11-29,6,36,5,17,12343.02
5179,2025-11-29,7,21,1,19,48842.35
5180,2025-11-29,3,31,2,18,18333.9
5181,2025-11-29,3,12,4,12,9914.04
5182,2025-11-30,6,2,4,3,1932.75
5183,2025-11-30,24,32,6,10,43949.4
5184,2025-11-30,9,6,4,5,4499.8
5185,2025-11-30,14,17,4,1,2051.7
5186,2025-11-30,18,26,4,2,4560.34
5187,2025-11-30,11,6,2,7,28376.95
5188,2025-11-30,13,29,3,1,848.69
5189,2025-11-30,9,26,3,10,7332.1
5190,2025-11-30,15,3,5,20,62539.0
5191,2025-11-30,25,11,2,10,9410.6
5192,2025-11-30,24,35,4,9,42112.17
5193,2025-11-30,3,18,6,11,9925.08
5194,2025-11-30,11,15,4,9,37981.53
5195,2025-12-01,7,21,2,7,18014.5
5196,2025-12-01,16,33,4,12,41979.24
5197,2025-12-01,6,31,5,13,9000.42
5198,2025-12-01,17,30,1,1,1074.7
5199,2025-12-01,20,2,6,8,28070.88
5200,2025-12-01,22,34,5,10,37121.6
5201,2025-12-01,25,9,3,19,15945.18
5202,2025-12-01,7,37,5,13,43118.27
5203,2025-12-01,7,16,3,10,33126.5
5204,2025-12-01,5,1,2,19,107579.9
5205,2025-12-01,23,4,6,11,25965.06
5206,2025-12-01,17,6,5,4,4790.08
5207,2025-12-01,9,27,1,18,14620.86
5208,2025-12-01,8,11,4,10,10656.0
5209,2025-12-02,21,24,6,17,75001.28
5210,2025-12-02,16,18,1,3,11300.97
5211,2025-12-02,6,27,5,4,2952.64
5212,2025-12-02,24,36,2,9,45007.65
5213,2025-12-02,14,33,3,7,14531.44
5214,2025-12-02,12,4,6,19,14870.73
5215,2025-12-02,25,24,5,15,12471.6
5216,2025-12-02,3,35,3,13,9974.77
5217,2025-12-02,16,33,5,9,37728.63
5218,2025-12-02,23,13,3,4,10303.92
5219,2025-12-02,7,1,6,9,26844.66
5220,2025-12-03,11,15,4,5,17522.85
5221,2025-12-03,9,27,4,2,1599.54
5222,2025-12-03,22,26,1,14,49143.22
5223,2025-12-03,19,25,4,17,72354.21
5224,2025-12-03,6,20,2,19,14058.48
5225,2025-12-03,21,31,6,19,90423.47
5226,2025-12-03,3,23,5,4,3488.64
5227,2025-12-03,12,27,6,11,7347.78
5228,2025-12-03,12,38,6,19,13780.32
5229,2025-12-03,25,39,5,18,19037.52
5230,2025-12-03,8,1,6,3,2771.22
5231,2025-12-03,11,31,5,7,30196.67
5232,2025-12-03,25,4,6,1,945.7
5233,2025-12-04,9,36,5,4,3367.0
5234,2025-12-04,18,8,3,1,2995.94
5235,2025-12-04,14,27,2,14,29145.2
5236,2025-12-04,18,6,4,14,39725.28
5237,2025-12-04,16,11,4,1,3333.03
5238,2025-12-04,8,36,3,1,971.87
5239,2025-12-04,17,2,6,20,21458.4
5240,2025-12-04,12,14,6,20,15547.6
5241,2025-12-04,9,34,6,9,8338.05
5242,2025-12-04,17,16,3,8,9385.68
5243,2025-12-04,7,7,6,19,48395.09
5244,2025-12-04,1,20,2,9,19637.28
5245,2025-12-04,18,18,3,5,13257.4
5246,2025-12-04,13,37,6,17,12220.79
5247,2025-12-05,15,7,6,14,43920.1
5248,2025-12-05,8,24,1,12,11258.64
5249,2025-12-05,6,16,6,5,3187.25
5250,2025-12-05,17,38,5,9,10236.33
5251,2025-12-05,14,23,2,20,47463.6
5252,2025-12-05,10,5,4,16,91059.84
5253,2025-12-05,3,11,5,14,13341.3
5254,2025-12-05,21,14,4,10,47861.1
5255,2025-12-05,25,10,2,17,16704.37
5256,2025-12-05,18,40,2,8,22852.16
5257,2025-12-05,13,12,4,8,6131.52
5258,2025-12-06,14,5,5,5,12011.7
5259,2025-12-06,10,9,1,1,5608.25
5260,2025-12-06,4,26,5,1,2754.18
5261,2025-12-06,7,17,6,8,21916.32
5262,2025-12-06,13,34,6,1,756.08
5263,2025-12-06,7,34,5,16,47386.88
5264,2025-12-06,5,30,1,18,107897.04
5265,2025-12-06,2,32,4,13,37343.93
5266,2025-12-06,13,38,4,16,11205.76
5267,2025-12-06,5,16,1,11,55466.84
5268,2025-12-06,5,13,2,15,87421.05
5269,2025-12-06,3,5,5,5,4081.95
5270,2025-12-06,21,39,5,3,16579.41
5271,2025-12-07,11,5,4,17,66971.67
5272,2025-12-07,15,27,2,8,27489.12
5273,2025-12-07,15,35,2,4,16146.12
5274,2025-12-07,11,35,4,1,4193.41
5275,2025-12-07,22,18,6,17,73126.35
5276,2025-12-07,6,31,5,13,8226.66
5277,2025-12-07,15,16,4,9,35341.92
5278,2025-12-07,6,16,5,9,6689.16
5279,2025-12-07,5,29,1,4,23400.8
5280,2025-12-07,9,33,4,12,10960.92
5281,2025-12-07,16,21,2,12,40999.32
5282,2025-12-07,22,33,4,19,63562.6
5283,2025-12-08,13,13,1,6,5084.7
5284,2025-12-08,8,24,6,17,18510.96
5285,2025-12-08,13,8,3,17,12801.34
5286,2025-12-08,4,10,1,13,31938.27
5287,2025-12-08,22,29,5,14,48997.34
5288,2025-12-08,19,19,6,13,44432.44
5289,2025-12-08,1,29,5,15,31649.55
5290,2025-12-08,9,21,5,5,4512.6
5291,2025-12-08,20,2,1,3,10417.5
5292,2025-12-09,21,36,5,6,27726.96
5293,2025-12-09,7,12,6,13,38185.55
5294,2025-12-09,22,40,1,2,7211.94
5295,2025-12-09,10,38,2,9,50204.88
5296,2025-12-09,15,15,6,18,60262.56
5297,2025-12-09,22,16,4,7,25430.3
5298,2025-12-09,7,2,2,8,22019.12
5299,2025-12-09,10,8,6,6,39160.44
5300,2025-12-09,6,21,5,14,9566.2
5301,2025-12-09,22,6,4,6,24158.76
5302,2025-12-09,21,11,2,12,65720.4
5303,2025-12-09,20,22,1,13,47603.66
5304,2025-12-10,21,1,5,3,13413.96
5305,2025-12-10,8,1,6,2,2019.76
5306,2025-12-10,21,6,4,7,31413.9
5307,2025-12-10,14,6,4,5,11011.8
5308,2025-12-10,6,40,2,11,6555.01
5309,2025-12-10,17,27,6,11,10523.92
5310,2025-12-10,19,37,6,6,21954.9
5311,2025-12-10,9,39,3,7,6509.16
5312,2025-12-10,22,18,5,13,47378.37
5313,2025-12-10,20,32,6,6,19142.4
5314,2025-12-10,6,4,6,4,2865.32
5315,2025-12-10,11,17,1,19,73304.47
5316,2025-12-11,16,33,1,7,24395.7
5317,2025-12-11,21,23,5,15,84749.1
5318,2025-12-11,17,1,6,20,19153.4
5319,2025-12-11,19,29,4,11,44756.91
5320,2025-12-11,9,8,2,16,12227.68
5321,2025-12-11,15,3,2,1,3516.46
5322,2025-12-11,22,9,6,4,16765.76
5323,2025-12-11,12,23,6,14,9923.2
5324,2025-12-11,9,13,4,15,12141.3
5325,2025-12-11,18,27,4,17,38641.85
5326,2025-12-11,22,29,6,9,32407.38
5327,2025-12-12,17,14,6,11,12720.29
5328,2025-12-12,6,23,3,6,3627.0
5329,2025-12-12,9,6,5,14,11884.18
5330,2025-12-12,9,15,3,14,11493.16
5331,2025-12-12,9,36,4,8,6803.84
5332,2025-12-12,2,21,6,4,12645.68
5333,2025-12-12,3,4,3,5,4414.05
5334,2025-12-12,18,40,5,12,28106.64
5335,2025-12-12,18,24,3,18,51102.54
5336,2025-12-12,13,10,3,14,10836.56
5337,2025-12-12,23,14,4,11,28885.89
5338,2025-12-12,19,17,6,8,31205.2
5339,2025-12-13,15,31,4,5,18684.2
5340,2025-12-13,3,31,1,18,14285.16
5341,2025-12-13,9,26,4,1,844.97
5342,2025-12-13,16,7,3,13,46898.54
5343,2025-12-13,1,36,2,17,38685.54
5344,2025-12-13,19,35,3,20,67868.2
5345,2025-12-13,1,28,5,7,17789.31
5346,2025-12-13,10,8,6,3,17079.15
5347,2025-12-13,15,5,3,11,42432.94
5348,2025-12-13,6,21,4,16,11716.32
5349,2025-12-13,12,24,2,4,3022.0
5350,2025-12-13,5,9,2,16,80119.84
5351,2025-12-13,19,35,3,15,51231.0
5352,2025-12-13,16,25,1,1,3286.17
5353,2025-12-14,7,24,3,1,3059.54
5354,2025-12-14,23,4,4,11,27235.12
5355,2025-12-14,20,11,5,4,13538.24
5356,2025-12-14,3,25,6,3,2646.99
5357,2025-12-14,25,27,1,10,9520.7
5358,2025-12-14,3,28,2,13,11645.79
5359,2025-12-14,1,17,3,7,15298.5
5360,2025-12-14,5,35,4,18,107007.48
5361,2025-12-14,11,18,1,14,58708.44
5362,2025-12-14,6,18,1,13,8467.16
5363,2025-12-15,10,11,3,19,119968.47
5364,2025-12-15,10,38,4,8,46879.44
5365,2025-12-15,8,5,1,15,15504.75
5366,2025-12-15,3,34,2,1,889.8
5367,2025-12-15,19,26,6,10,42933.3
5368,2025-12-15,4,20,4,7,18448.92
5369,2025-12-15,9,13,1,20,18083.4
5370,2025-12-15,9,4,2,6,5076.6
5371,2025-12-15,9,3,1,8,5674.08
5372,2025-12-15,4,39,1,16,35788.32
5373,2025-12-15,22,27,4,14,48275.08
5374,2025-12-15,8,27,2,5,5626.25
5375,2025-12-15,18,35,2,15,35556.3
5376,2025-12-15,19,21,4,20,82740.8
5377,2025-12-16,17,3,6,12,12466.68
5378,2025-12-16,20,17,2,10,30544.1
5379,2025-12-16,9,10,2,17,13065.01
5380,2025-12-16,23,6,4,7,16793.7
5381,2025-12-16,6,11,6,11,8611.35
5382,2025-12-16,15,28,2,11,43267.4
5383,2025-12-16,4,40,5,13,32641.7
5384,2025-12-16,13,25,2,5,3471.6
5385,2025-12-16,12,23,3,6,5107.14
5386,2025-12-16,18,24,3,19,48165.76
5387,2025-12-17,2,14,3,12,31569.84
5388,2025-12-17,16,15,1,7,25472.86
5389,2025-12-17,7,36,1,8,24330.16
5390,2025-12-17,3,4,3,7,6994.75
5391,2025-12-17,19,9,3,7,22929.27
5392,2025-12-17,3,4,5,2,1884.84
5393,2025-12-17,11,23,5,20,74511.8
5394,2025-12-17,5,35,1,11,72043.4
5395,2025-12-17,1,22,4,12,24732.84
5396,2025-12-17,20,2,4,8,25303.84
5397,2025-12-17,2,21,4,8,20643.04
5398,2025-12-18,4,5,6,19,54074.57
5399,2025-12-18,22,36,5,12,52736.88
5400,2025-12-18,21,18,6,2,10385.14
5401,2025-12-18,23,25,2,9,26379.09
5402,2025-12-18,4,7,5,17,50262.03
5403,2025-12-18,23,14,6,11,32168.4
5404,2025-12-18,11,22,2,17,68525.13
5405,2025-12-18,15,2,6,11,34621.95
5406,2025-12-18,6,17,5,15,11548.2
5407,2025-12-18,18,4,3,11,29604.19
5408,2025-12-18,1,31,3,18,43634.16
5409,2025-12-18,19,9,2,8,28605.36
5410,2025-12-18,7,39,2,19,53770.38
5411,2025-12-18,9,38,4,4,3733.88
5412,2025-12-18,5,27,3,8,49333.68
5413,2025-12-19,7,18,4,14,39705.54
5414,2025-12-19,19,5,4,3,12306.54
5415,2025-12-19,17,14,1,16,17540.16
5416,2025-12-19,22,30,5,1,4226.58
5417,2025-12-19,17,25,3,3,3565.23
5418,2025-12-19,11,11,6,19,78384.5
5419,2025-12-19,10,19,1,14,80844.96
5420,2025-12-19,23,1,5,3,8253.27
5421,2025-12-19,13,26,1,14,9830.66
5422,2025-12-19,3,36,5,1,942.98
5423,2025-12-19,22,6,4,9,38295.54
5424,2025-12-20,22,7,3,8,30782.4
5425,2025-12-20,14,11,2,18,33609.06
5426,2025-12-20,23,22,2,9,25976.88
5427,2025-12-20,6,11,4,1,625.03
5428,2025-12-20,24,34,1,13,58020.43
5429,2025-12-20,18,10,6,20,49973.2
5430,2025-12-20,5,17,2,16,95508.48
5431,2025-12-20,1,14,5,17,38477.46
5432,2025-12-20,3,32,3,19,15981.09
5433,2025-12-20,12,1,4,19,14321.63
5434,2025-12-20,1,21,5,11,28399.58
5435,2025-12-21,17,2,6,11,12491.49
5436,2025-12-21,13,37,3,5,3508.3
5437,2025-12-21,10,15,4,12,69277.08
5438,2025-12-21,8,2,2,8,8402.56
5439,2025-12-21,15,17,5,20,78537.6
5440,2025-12-21,1,25,1,4,8586.44
5441,2025-12-21,24,2,4,4,20676.4
5442,2025-12-21,3,25,2,8,6205.84
5443,2025-12-21,22,21,3,15,63930.75
5444,2025-12-21,15,16,4,3,11940.48
5445,2025-12-22,20,36,2,3,10593.84
5446,2025-12-22,6,27,5,19,13029.44
5447,2025-12-22,9,35,3,20,16273.0
5448,2025-12-22,4,27,5,2,4557.36
5449,2025-12-22,20,2,2,13,46550.66
5450,2025-12-22,18,27,4,2,4543.4
5451,2025-12-22,10,35,4,15,79128.15
5452,2025-12-22,22,6,6,19,65177.98
5453,2025-12-22,9,12,2,18,14396.04
5454,2025-12-22,2,5,2,5,15718.6
5455,2025-12-22,19,4,1,5,19305.25
5456,2025-12-22,3,38,5,10,8475.9
5457,2025-12-22,23,13,3,15,39892.35
5458,2025-12-22,15,12,2,17,55166.53
5459,2025-12-22,19,22,2,6,24165.78
5460,2025-12-22,24,40,1,7,40546.59
5461,2025-12-22,1,24,4,2,5302.3
5462,2025-12-23,10,25,5,12,75000.84
5463,2025-12-23,20,35,6,16,49286.24
5464,2025-12-23,9,38,6,9,7192.08
5465,2025-12-23,1,32,2,2,4555.24
5466,2025-12-23,2,40,6,18,43585.92
5467,2025-12-23,1,37,4,2,4381.14
5468,2025-12-23,23,8,3,8,19152.56
5469,2025-12-23,14,37,1,18,35183.88
5470,2025-12-23,11,33,6,14,57653.54
5471,2025-12-23,21,38,4,14,66891.44
5472,2025-12-23,5,20,4,6,30292.86
5473,2025-12-23,5,8,5,6,31406.46
5474,2025-12-23,25,25,3,6,6291.84
5475,2025-12-23,18,10,4,12,34110.36
5476,2025-12-24,24,22,2,7,38574.41
5477,2025-12-24,9,2,5,17,14141.45
5478,2025-12-24,10,7,2,5,32588.85
5479,2025-12-24,22,37,6,8,32008.56
5480,2025-12-24,4,34,5,6,17412.9
5481,2025-12-24,2,38,4,8,22755.76
5482,2025-12-24,8,32,6,1,1048.07
5483,2025-12-24,10,35,3,16,107480.8
5484,2025-12-24,23,24,4,13,38164.36
5485,2025-12-24,21,34,3,5,24597.85
5486,2025-12-24,5,29,5,1,6348.58
5487,2025-12-25,16,18,2,2,6768.0
5488,2025-12-25,16,12,3,11,40143.07
5489,2025-12-25,25,15,3,20,21552.4
5490,2025-12-25,20,12,1,8,26672.8
5491,2025-12-25,2,17,5,11,31274.21
5492,2025-12-25,17,32,1,1,1036.87
5493,2025-12-25,11,9,1,14,53018.7
5494,2025-12-25,17,6,2,3,3063.21
5495,2025-12-25,13,2,5,3,1931.73
5496,2025-12-25,11,40,5,5,18624.15
5497,2025-12-25,9,31,4,7,5519.78
5498,2025-12-25,2,18,2,16,38731.04
5499,2025-12-26,15,5,5,2,6393.12
5500,2025-12-26,8,36,4,19,18764.21
5501,2025-12-26,16,24,4,15,59685.6
5502,2025-12-26,12,26,5,19,13901.92
5503,2025-12-26,23,6,3,9,22147.74
5504,2025-12-26,8,34,2,5,4593.5
5505,2025-12-26,15,14,4,17,68128.18
5506,2025-12-26,22,24,3,5,20226.95
5507,2025-12-26,25,8,4,18,19383.48
5508,2025-12-26,13,5,6,7,5733.07
5509,2025-12-26,3,37,5,12,11897.4
5510,2025-12-26,2,31,6,9,26351.46
5511,2025-12-27,18,6,2,13,32747.91
5512,2025-12-27,11,12,6,13,49092.81
5513,2025-12-27,2,6,4,4,11286.72
5514,2025-12-27,19,23,4,18,63315.18
5515,2025-12-27,9,25,6,18,13981.5
5516,2025-12-27,21,15,4,4,19447.04
5517,2025-12-27,1,20,2,7,17311.42
5518,2025-12-27,8,21,3,6,6221.7
5519,2025-12-27,5,6,5,16,79662.4
5520,2025-12-27,25,20,4,20,16308.2
5521,2025-12-28,24,3,3,6,31132.92
5522,2025-12-28,8,34,1,5,4857.1
5523,2025-12-28,17,40,1,16,14763.2
5524,2025-12-28,2,23,3,6,16162.86
5525,2025-12-28,14,28,4,13,29778.84
5526,2025-12-28,8,3,6,19,20797.59
5527,2025-12-28,5,27,3,7,35982.38
5528,2025-12-28,24,14,4,3,17164.77
5529,2025-12-28,20,18,5,2,6690.44
5530,2025-12-28,19,21,6,17,60437.04
5531,2025-12-28,19,8,5,8,32384.56
5532,2025-12-28,5,15,6,17,100513.18
5533,2025-12-28,22,8,3,10,33662.3
5534,2025-12-29,17,37,4,19,19798.57
5535,2025-12-29,3,13,5,15,12730.5
5536,2025-12-29,3,14,3,18,15501.96
5537,2025-12-29,20,12,5,18,52543.44
5538,2025-12-29,18,13,6,12,32410.44
5539,2025-12-29,9,1,2,8,7428.0
5540,2025-12-29,19,12,4,10,42791.3
5541,2025-12-29,6,20,2,2,1284.9
5542,2025-12-29,11,20,1,7,29485.26
5543,2025-12-29,16,16,4,19,64185.8
5544,2025-12-29,12,18,2,12,9442.68
5545,2025-12-29,3,36,1,3,2934.57
5546,2025-12-29,14,2,4,5,10502.65
5547,2025-12-29,16,13,5,17,61204.42
5548,2025-12-30,19,3,2,15,63910.05
5549,2025-12-30,18,38,6,6,14204.64
5550,2025-12-30,8,25,2,6,6244.56
5551,2025-12-30,4,1,3,7,16940.0
5552,2025-12-30,1,30,1,18,39865.5
5553,2025-12-30,15,6,2,8,30509.44
5554,2025-12-30,22,7,6,4,17379.08
5555,2025-12-30,20,7,3,20,67333.4
5556,2025-12-30,23,19,2,11,28648.4
5557,2025-12-30,5,15,2,9,50550.03
5558,2025-12-30,4,3,3,6,13559.34
5559,2025-12-30,10,14,1,6,35727.06
5560,2025-12-30,10,23,1,14,80756.62
5561,2025-12-31,15,2,6,2,6587.96
5562,2025-12-31,6,4,4,14,10934.56
5563,2025-12-31,15,37,4,19,70178.59
5564,2025-12-31,9,28,3,13,9653.41
5565,2025-12-31,20,25,6,11,40693.4
5566,2025-12-31,1,4,3,12,25614.48
5567,2025-12-31,19,10,5,8,32904.56
5568,2025-12-31,13,18,5,17,11526.17
5569,2025-12-31,8,4,6,11,10987.46
5570,2025-12-31,18,35,2,20,46343.8
5571,2025-12-31,25,33,2,4,3439.32
5572,2025-12-31,2,7,3,12,29465.28
